This is XeTeX, Version 3.141592653-2.6-0.999998 (MiKTeX 26.5) (preloaded format=xelatex 2026.8.16)  23 SEP 2026 01:59
entering extended mode
 restricted \write18 enabled.
 %&-line parsing enabled.
**./main.tex
(main.tex
LaTeX2e <2026-06-01>
L3 programming layer <2026-07-20>
(preamble.tex
(C:\Users\HP\AppData\Local\Programs\MiKTeX\tex/latex/base\report.cls
Document Class: report 2025/01/22 v1.4n Standard LaTeX document class
(C:\Users\HP\AppData\Local\Programs\MiKTeX\tex/latex/base\size10.clo
File: size10.clo 2025/01/22 v1.4n Standard LaTeX file (size option)
)
\c@part=\count273
\c@chapter=\count274
\c@section=\count275
\c@subsection=\count276
\c@subsubsection=\count277
\c@paragraph=\count278
\c@subparagraph=\count279
\c@figure=\count280
\c@table=\count281
\abovecaptionskip=\skip49
\belowcaptionskip=\skip50
\bibindent=\dimen150
)
(C:\Users\HP\AppData\Local\Programs\MiKTeX\tex/latex/fontspec\fontspec.sty
(C:\Users\HP\AppData\Local\Programs\MiKTeX\tex/latex/l3packages/xparse\xparse.s
ty (C:\Users\HP\AppData\Local\Programs\MiKTeX\tex/latex/l3kernel\expl3.sty
Package: expl3 2026-07-20 L3 programming layer (loader) 

(C:\Users\HP\AppData\Local\Programs\MiKTeX\tex/latex/l3backend\l3backend-xetex.
def
File: l3backend-xetex.def 2026-07-20 L3 backend support: XeTeX
\g__graphics_track_int=\count282
\g__pdfannot_backend_int=\count283
\g__pdfannot_backend_link_int=\count284
))
Package: xparse 2025-10-09 L3 Experimental document command parser
)
Package: fontspec 2025/09/29 v2.9g Font selection for XeLaTeX and LuaLaTeX

(C:\Users\HP\AppData\Local\Programs\MiKTeX\tex/latex/fontspec\fontspec-xetex.st
y
Package: fontspec-xetex 2025/09/29 v2.9g Font selection for XeLaTeX and LuaLaTe
X
\l__fontspec_script_int=\count285
\l__fontspec_language_int=\count286
\l__fontspec_strnum_int=\count287
\l__fontspec_tmp_int=\count288
\l__fontspec_tmpa_int=\count289
\l__fontspec_tmpb_int=\count290
\l__fontspec_tmpc_int=\count291
\l__fontspec_em_int=\count292
\l__fontspec_emdef_int=\count293
\l__fontspec_strong_int=\count294
\l__fontspec_strongdef_int=\count295
\l__fontspec_tmpa_dim=\dimen151
\l__fontspec_tmpb_dim=\dimen152
\l__fontspec_tmpc_dim=\dimen153
 (C:\Users\HP\AppData\Local\Programs\MiKTeX\tex/latex/base\fontenc.sty
Package: fontenc 2025/07/18 v2.1d Standard LaTeX package
)
(C:\Users\HP\AppData\Local\Programs\MiKTeX\tex/latex/fontspec\fontspec.cfg)))

Package fontspec Info: 
(fontspec)             Font family 'TimesNewRoman(0)' created for font 'Times
(fontspec)             New Roman' with options [Ligatures=TeX].
(fontspec)              
(fontspec)              This font family consists of the following NFSS
(fontspec)             series/shapes:
(fontspec)              
(fontspec)             - 'normal' (m/n) with NFSS spec.: <->"Times New
(fontspec)             Roman/OT:script=latn;language=dflt;mapping=tex-text;"
(fontspec)             - 'small caps'  (m/sc) with NFSS spec.: <->"Times New
(fontspec)             Roman/OT:script=latn;language=dflt;+smcp;mapping=tex-tex
t;"
(fontspec)             - 'bold' (b/n) with NFSS spec.: <->"Times New
(fontspec)             Roman/B/OT:script=latn;language=dflt;mapping=tex-text;"
(fontspec)             - 'bold small caps'  (b/sc) with NFSS spec.: <->"Times
(fontspec)             New
(fontspec)             Roman/B/OT:script=latn;language=dflt;+smcp;mapping=tex-t
ext;"
(fontspec)             - 'italic' (m/it) with NFSS spec.: <->"Times New
(fontspec)             Roman/I/OT:script=latn;language=dflt;mapping=tex-text;"
(fontspec)             - 'italic small caps'  (m/scit) with NFSS spec.:
(fontspec)             <->"Times New
(fontspec)             Roman/I/OT:script=latn;language=dflt;+smcp;mapping=tex-t
ext;"
(fontspec)             - 'bold italic' (b/it) with NFSS spec.: <->"Times New
(fontspec)             Roman/BI/OT:script=latn;language=dflt;mapping=tex-text;"

(fontspec)             - 'bold italic small caps'  (b/scit) with NFSS spec.:
(fontspec)             <->"Times New
(fontspec)             Roman/BI/OT:script=latn;language=dflt;+smcp;mapping=tex-
text;"


(C:\Users\HP\AppData\Local\Programs\MiKTeX\tex/generic/babel\babel.sty
Package: babel 2026/08/08 v26.10 The multilingual framework for LuaLaTeX, pdfLa
TeX and XeLaTeX
\babel@savecnt=\count296
LaTeX Encoding Info:    Redeclaring text command \ij (encoding OT1) on input li
ne 2105.
LaTeX Encoding Info:    Redeclaring text command \IJ (encoding OT1) on input li
ne 2107.
LaTeX Encoding Info:    Redeclaring text command \ij (encoding T1) on input lin
e 2109.
LaTeX Encoding Info:    Redeclaring text command \IJ (encoding T1) on input lin
e 2110.
LaTeX Encoding Info:    Ignoring declaration for text command \ij (encoding ?) 
on input line 2111.
LaTeX Encoding Info:    Ignoring declaration for text command \IJ (encoding ?) 
on input line 2113.
LaTeX Encoding Info:    Ignoring declaration for text command \SS (encoding ?) 
on input line 2138.
\U@D=\dimen154
\l@unhyphenated=\language79

(C:\Users\HP\AppData\Local\Programs\MiKTeX\tex/generic/babel\xebabel.def)
\bbl@readstream=\read2
\bbl@dirlevel=\count297
Package babel Info: Configuration files are deprecated, as
(babel)             they can break document portability.
(babel)             Reported on input line 4298.

*************************************
* Local config file bblopts.cfg used
*
(C:\Users\HP\AppData\Local\Programs\MiKTeX\tex/latex/arabi\bblopts.cfg
File: bblopts.cfg 2005/09/08 v0.1 add Arabic and Farsi to "declared" options of
 babel
)
(C:\Users\HP\AppData\Local\Programs\MiKTeX\tex/generic/babel/locale/vi\babel-vi
etnamese.tex)
Package babel Info: Importing font and identification data for 'vietnamese'
(babel)             from babel-vi.ini. Reported on input line 4426.

(C:\Users\HP\AppData\Local\Programs\MiKTeX\tex/latex/babel-vietnamese\vietnames
e.ldf
Language: vietnamese 


Package babel Warning: No hyphenation patterns were preloaded for
(babel)                the language 'Vietnamese' into the format.
(babel)                Please, configure your TeX system to add them and
(babel)                rebuild the format. Now I will use the patterns
(babel)                preloaded for \language=0 instead on input line 36.

Package babel Info: Hyphen rules for 'vietnamese' set to \l@english
(babel)             (\language0). Reported on input line 37.
Package babel Info: Hyphen rules for 'vietnam' set to \l@english
(babel)             (\language0). Reported on input line 38.
Package babel Info: Making " an active character on input line 147.
)) (C:\Users\HP\AppData\Local\Programs\MiKTeX\tex/latex/microtype\microtype.sty
Package: microtype 2026/03/01 v3.2d Micro-typographical refinements (RS)
(C:\Users\HP\AppData\Local\Programs\MiKTeX\tex/latex/graphics\keyval.sty
Package: keyval 2026-05-17 v1.15 key=value parser (DPC)
\KV@toks@=\toks17
)
(C:\Users\HP\AppData\Local\Programs\MiKTeX\tex/latex/etoolbox\etoolbox.sty
Package: etoolbox 2025/10/02 v2.5m e-TeX tools for LaTeX (JAW)
\etb@tempcnta=\count298
)
\MT@toks=\toks18
\MT@tempbox=\box53
\MT@count=\count299
LaTeX Info: Redefining \noprotrusionifhmode on input line 1084.
LaTeX Info: Redefining \leftprotrusion on input line 1085.
\MT@prot@toks=\toks19
LaTeX Info: Redefining \rightprotrusion on input line 1104.
LaTeX Info: Redefining \textls on input line 1449.
\MT@outer@kern=\dimen155
LaTeX Info: Redefining \microtypecontext on input line 2053.
LaTeX Info: Redefining \textmicrotypecontext on input line 2070.
\MT@listname@count=\count300

(C:\Users\HP\AppData\Local\Programs\MiKTeX\tex/latex/microtype\microtype-xetex.
def
File: microtype-xetex.def 2026/03/01 v3.2d Definitions specific to xetex (RS)
LaTeX Info: Redefining \lsstyle on input line 443.
LaTeX Info: Redefining \lslig on input line 451.
\MT@outer@space=\skip51
)
Package microtype Info: Loading configuration file microtype.cfg.

(C:\Users\HP\AppData\Local\Programs\MiKTeX\tex/latex/microtype\microtype.cfg
File: microtype.cfg 2026/03/01 v3.2d microtype main configuration file (RS)
)
LaTeX Info: Redefining \microtypesetup on input line 3065.
)
(C:\Users\HP\AppData\Local\Programs\MiKTeX\tex/latex/fontsize\fontsize.sty
Package: fontsize 2021/08/04 v0.8.5 'fontsize' package. Set main font sizes (Iv
an Valbusa)

(C:\Users\HP\AppData\Local\Programs\MiKTeX\tex/latex/xkeyval\xkeyval.sty
Package: xkeyval 2022/06/16 v2.9 package option processing (HA)

(C:\Users\HP\AppData\Local\Programs\MiKTeX\tex/generic/xkeyval\xkeyval.tex
(C:\Users\HP\AppData\Local\Programs\MiKTeX\tex/generic/xkeyval\xkvutils.tex
\XKV@toks=\toks20
\XKV@tempa@toks=\toks21
)
\XKV@depth=\count301
File: xkeyval.tex 2014/12/03 v2.7a key=value parser (HA)
))
(C:\Users\HP\AppData\Local\Programs\MiKTeX\tex/latex/l3packages/xfp\xfp.sty
Package: xfp 2025-10-09 L3 Floating point unit
))
(C:\Users\HP\AppData\Local\Programs\MiKTeX\tex/latex/geometry\geometry.sty
Package: geometry 2026/03/07 v6.0 Page Geometry

(C:\Users\HP\AppData\Local\Programs\MiKTeX\tex/generic/iftex\ifvtex.sty
Package: ifvtex 2019/10/25 v1.7 ifvtex legacy package. Use iftex instead.

(C:\Users\HP\AppData\Local\Programs\MiKTeX\tex/generic/iftex\iftex.sty
Package: iftex 2024/12/12 v1.0g TeX engine tests
))
\Gm@cnth=\count302
\Gm@cntv=\count303
\c@Gm@tempcnt=\count304
\Gm@bindingoffset=\dimen156
\Gm@wd@mp=\dimen157
\Gm@odd@mp=\dimen158
\Gm@even@mp=\dimen159
\Gm@layoutwidth=\dimen160
\Gm@layoutheight=\dimen161
\Gm@layouthoffset=\dimen162
\Gm@layoutvoffset=\dimen163
\Gm@dimlist=\toks22

(C:\Users\HP\AppData\Local\Programs\MiKTeX\tex/latex/geometry\geometry.cfg))
(C:\Users\HP\AppData\Local\Programs\MiKTeX\tex/latex/setspace\setspace.sty
Package: setspace 2022/12/04 v6.7b set line spacing
)
(C:\Users\HP\AppData\Local\Programs\MiKTeX\tex/latex/tools\indentfirst.sty
Package: indentfirst 2023/07/02 v1.03 Indent first paragraph (DPC)
)
(C:\Users\HP\AppData\Local\Programs\MiKTeX\tex/latex/fancyhdr\fancyhdr.sty
Package: fancyhdr 2025/02/07 v5.2 Extensive control of page headers and footers

\f@nch@headwidth=\skip52
\f@nch@offset@elh=\skip53
\f@nch@offset@erh=\skip54
\f@nch@offset@olh=\skip55
\f@nch@offset@orh=\skip56
\f@nch@offset@elf=\skip57
\f@nch@offset@erf=\skip58
\f@nch@offset@olf=\skip59
\f@nch@offset@orf=\skip60
\f@nch@height=\skip61
\f@nch@footalignment=\skip62
\f@nch@widthL=\skip63
\f@nch@widthC=\skip64
\f@nch@widthR=\skip65
\@temptokenb=\toks23
)
(C:\Users\HP\AppData\Local\Programs\MiKTeX\tex/latex/amsmath\amsmath.sty
Package: amsmath 2026/05/19 v2.18d AMS math features
\@mathmargin=\skip66

For additional information on amsmath, use the `?' option.
(C:\Users\HP\AppData\Local\Programs\MiKTeX\tex/latex/amsmath\amstext.sty
Package: amstext 2024/11/17 v2.01 AMS text

(C:\Users\HP\AppData\Local\Programs\MiKTeX\tex/latex/amsmath\amsgen.sty
File: amsgen.sty 1999/11/30 v2.0 generic functions
\@emptytoks=\toks24
\ex@=\dimen164
))
(C:\Users\HP\AppData\Local\Programs\MiKTeX\tex/latex/amsmath\amsbsy.sty
Package: amsbsy 1999/11/29 v1.2d Bold Symbols
\pmbraise@=\dimen165
)
(C:\Users\HP\AppData\Local\Programs\MiKTeX\tex/latex/amsmath\amsopn.sty
Package: amsopn 2022/04/08 v2.04 operator names
)
\inf@bad=\count305
LaTeX Info: Redefining \frac on input line 233.
\uproot@=\count306
\leftroot@=\count307
LaTeX Info: Redefining \overline on input line 398.
LaTeX Info: Redefining \colon on input line 409.
\classnum@=\count308
\DOTSCASE@=\count309
LaTeX Info: Redefining \ldots on input line 495.
LaTeX Info: Redefining \dots on input line 498.
LaTeX Info: Redefining \cdots on input line 619.
\Mathstrutbox@=\box54
\strutbox@=\box55
LaTeX Info: Redefining \big on input line 721.
LaTeX Info: Redefining \Big on input line 722.
LaTeX Info: Redefining \bigg on input line 723.
LaTeX Info: Redefining \Bigg on input line 724.
\big@size=\dimen166
LaTeX Font Info:    Redeclaring font encoding OML on input line 742.
LaTeX Font Info:    Redeclaring font encoding OMS on input line 743.
\macc@depth=\count310
LaTeX Info: Redefining \bmod on input line 904.
LaTeX Info: Redefining \pmod on input line 909.
LaTeX Info: Redefining \smash on input line 939.
LaTeX Info: Redefining \relbar on input line 969.
LaTeX Info: Redefining \Relbar on input line 970.
\c@MaxMatrixCols=\count311
\dotsspace@=\muskip17
\c@parentequation=\count312
\dspbrk@lvl=\count313
\tag@help=\toks25
\row@=\count314
\column@=\count315
\maxfields@=\count316
\andhelp@=\toks26
\eqnshift@=\dimen167
\alignsep@=\dimen168
\tagshift@=\dimen169
\tagwidth@=\dimen170
\totwidth@=\dimen171
\lineht@=\dimen172
\@envbody=\toks27
\multlinegap=\skip67
\multlinetaggap=\skip68
\mathdisplay@stack=\toks28
LaTeX Info: Redefining \[ on input line 2965.
LaTeX Info: Redefining \] on input line 2966.
)
(C:\Users\HP\AppData\Local\Programs\MiKTeX\tex/latex/amsfonts\amsfonts.sty
Package: amsfonts 2013/01/14 v3.01 Basic AMSFonts support
\symAMSa=\mathgroup4
\symAMSb=\mathgroup5
LaTeX Font Info:    Redeclaring math symbol \hbar on input line 98.
LaTeX Font Info:    Overwriting math alphabet `\mathfrak' in version `bold'
(Font)                  U/euf/m/n --> U/euf/b/n on input line 106.
)
(C:\Users\HP\AppData\Local\Programs\MiKTeX\tex/latex/amsfonts\amssymb.sty
Package: amssymb 2013/01/14 v3.01 AMS font symbols
)
(C:\Users\HP\AppData\Local\Programs\MiKTeX\tex/latex/graphics\graphicx.sty
Package: graphicx 2026-05-17 v1.2e Enhanced LaTeX Graphics (DPC,SPQR)

(C:\Users\HP\AppData\Local\Programs\MiKTeX\tex/latex/graphics\graphics.sty
Package: graphics 2026-05-17 v1.4h Standard LaTeX Graphics (DPC,SPQR)

(C:\Users\HP\AppData\Local\Programs\MiKTeX\tex/latex/graphics\trig.sty
Package: trig 2023/12/02 v1.11 sin cos tan (DPC)
)
(C:\Users\HP\AppData\Local\Programs\MiKTeX\tex/latex/graphics-cfg\graphics.cfg
File: graphics.cfg 2016/06/04 v1.11 sample graphics configuration
)
Package graphics Info: Driver file: xetex.def on input line 106.
(C:\Users\HP\AppData\Local\Programs\MiKTeX\tex/latex/graphics-def\xetex.def
File: xetex.def 2025/11/01 v5.0p Graphics/color driver for xetex
))
\Gin@req@height=\dimen173
\Gin@req@width=\dimen174
)
(C:\Users\HP\AppData\Local\Programs\MiKTeX\tex/latex/pgf/frontendlayer\tikz.sty
(C:\Users\HP\AppData\Local\Programs\MiKTeX\tex/latex/pgf/basiclayer\pgf.sty
(C:\Users\HP\AppData\Local\Programs\MiKTeX\tex/latex/pgf/utilities\pgfrcs.sty
(C:\Users\HP\AppData\Local\Programs\MiKTeX\tex/generic/pgf/utilities\pgfutil-co
mmon.tex
\pgfutil@everybye=\toks29
\pgfutil@tempdima=\dimen175
\pgfutil@tempdimb=\dimen176
)
(C:\Users\HP\AppData\Local\Programs\MiKTeX\tex/generic/pgf/utilities\pgfutil-la
tex.def
\pgfutil@abb=\box56
)
(C:\Users\HP\AppData\Local\Programs\MiKTeX\tex/generic/pgf/utilities\pgfrcs.cod
e.tex
(C:\Users\HP\AppData\Local\Programs\MiKTeX\tex/generic/pgf\pgf.revision.tex)
Package: pgfrcs 2026-08-01 v3.1.12 (3.1.12)
))
Package: pgf 2026-08-01 v3.1.12 (3.1.12)

(C:\Users\HP\AppData\Local\Programs\MiKTeX\tex/latex/pgf/basiclayer\pgfcore.sty

(C:\Users\HP\AppData\Local\Programs\MiKTeX\tex/latex/pgf/systemlayer\pgfsys.sty

(C:\Users\HP\AppData\Local\Programs\MiKTeX\tex/generic/pgf/systemlayer\pgfsys.c
ode.tex
Package: pgfsys 2026-08-01 v3.1.12 (3.1.12)

(C:\Users\HP\AppData\Local\Programs\MiKTeX\tex/generic/pgf/utilities\pgfkeys.co
de.tex
\pgfkeys@pathtoks=\toks30
\pgfkeys@temptoks=\toks31

(C:\Users\HP\AppData\Local\Programs\MiKTeX\tex/generic/pgf/utilities\pgfkeyslib
raryfiltered.code.tex
\pgfkeys@tmptoks=\toks32
))
\pgf@x=\dimen177
\pgf@y=\dimen178
\pgf@xa=\dimen179
\pgf@ya=\dimen180
\pgf@xb=\dimen181
\pgf@yb=\dimen182
\pgf@xc=\dimen183
\pgf@yc=\dimen184
\pgf@xd=\dimen185
\pgf@yd=\dimen186
\w@pgf@writea=\write3
\r@pgf@reada=\read3
\c@pgf@counta=\count317
\c@pgf@countb=\count318
\c@pgf@countc=\count319
\c@pgf@countd=\count320
\t@pgf@toka=\toks33
\t@pgf@tokb=\toks34
\t@pgf@tokc=\toks35
\pgf@sys@id@count=\count321

(C:\Users\HP\AppData\Local\Programs\MiKTeX\tex/generic/pgf/systemlayer\pgf.cfg
File: pgf.cfg 2026-08-01 v3.1.12 (3.1.12)
)
Driver file for pgf: pgfsys-xetex.def

(C:\Users\HP\AppData\Local\Programs\MiKTeX\tex/generic/pgf/systemlayer\pgfsys-x
etex.def
File: pgfsys-xetex.def 2026-08-01 v3.1.12 (3.1.12)

(C:\Users\HP\AppData\Local\Programs\MiKTeX\tex/generic/pgf/systemlayer\pgfsys-d
vipdfmx.def
File: pgfsys-dvipdfmx.def 2026-08-01 v3.1.12 (3.1.12)

(C:\Users\HP\AppData\Local\Programs\MiKTeX\tex/generic/pgf/systemlayer\pgfsys-c
ommon-pdf.def
File: pgfsys-common-pdf.def 2026-08-01 v3.1.12 (3.1.12)
)
\pgfsys@objnum=\count322
)))
(C:\Users\HP\AppData\Local\Programs\MiKTeX\tex/generic/pgf/systemlayer\pgfsysso
ftpath.code.tex
File: pgfsyssoftpath.code.tex 2026-08-01 v3.1.12 (3.1.12)
\pgfsyssoftpath@smallbuffer@items=\count323
\pgfsyssoftpath@bigbuffer@items=\count324
)
(C:\Users\HP\AppData\Local\Programs\MiKTeX\tex/generic/pgf/systemlayer\pgfsyspr
otocol.code.tex
File: pgfsysprotocol.code.tex 2026-08-01 v3.1.12 (3.1.12)
))
(C:\Users\HP\AppData\Local\Programs\MiKTeX\tex/latex/xcolor\xcolor.sty
Package: xcolor 2024/09/29 v3.02 LaTeX color extensions (UK)

(C:\Users\HP\AppData\Local\Programs\MiKTeX\tex/latex/graphics-cfg\color.cfg
File: color.cfg 2016/01/02 v1.6 sample color configuration
)
Package xcolor Info: Driver file: xetex.def on input line 274.

(C:\Users\HP\AppData\Local\Programs\MiKTeX\tex/latex/graphics\mathcolor.ltx)
Package xcolor Info: Model `cmy' substituted by `cmy0' on input line 1349.
Package xcolor Info: Model `RGB' extended on input line 1365.
Package xcolor Info: Model `HTML' substituted by `rgb' on input line 1367.
Package xcolor Info: Model `Hsb' substituted by `hsb' on input line 1368.
Package xcolor Info: Model `tHsb' substituted by `hsb' on input line 1369.
Package xcolor Info: Model `HSB' substituted by `hsb' on input line 1370.
Package xcolor Info: Model `Gray' substituted by `gray' on input line 1371.
Package xcolor Info: Model `wave' substituted by `hsb' on input line 1372.
)
(C:\Users\HP\AppData\Local\Programs\MiKTeX\tex/generic/pgf/basiclayer\pgfcore.c
ode.tex
Package: pgfcore 2026-08-01 v3.1.12 (3.1.12)

(C:\Users\HP\AppData\Local\Programs\MiKTeX\tex/generic/pgf/math\pgfmath.code.te
x
(C:\Users\HP\AppData\Local\Programs\MiKTeX\tex/generic/pgf/math\pgfmathutil.cod
e.tex)
(C:\Users\HP\AppData\Local\Programs\MiKTeX\tex/generic/pgf/math\pgfmathparser.c
ode.tex
\pgfmath@dimen=\dimen187
\pgfmath@count=\count325
\pgfmath@box=\box57
\pgfmath@toks=\toks36
\pgfmath@stack@operand=\toks37
\pgfmath@stack@operation=\toks38
)
(C:\Users\HP\AppData\Local\Programs\MiKTeX\tex/generic/pgf/math\pgfmathfunction
s.code.tex)
(C:\Users\HP\AppData\Local\Programs\MiKTeX\tex/generic/pgf/math\pgfmathfunction
s.basic.code.tex)
(C:\Users\HP\AppData\Local\Programs\MiKTeX\tex/generic/pgf/math\pgfmathfunction
s.trigonometric.code.tex)
(C:\Users\HP\AppData\Local\Programs\MiKTeX\tex/generic/pgf/math\pgfmathfunction
s.random.code.tex)
(C:\Users\HP\AppData\Local\Programs\MiKTeX\tex/generic/pgf/math\pgfmathfunction
s.comparison.code.tex)
(C:\Users\HP\AppData\Local\Programs\MiKTeX\tex/generic/pgf/math\pgfmathfunction
s.base.code.tex)
(C:\Users\HP\AppData\Local\Programs\MiKTeX\tex/generic/pgf/math\pgfmathfunction
s.round.code.tex)
(C:\Users\HP\AppData\Local\Programs\MiKTeX\tex/generic/pgf/math\pgfmathfunction
s.misc.code.tex)
(C:\Users\HP\AppData\Local\Programs\MiKTeX\tex/generic/pgf/math\pgfmathfunction
s.integerarithmetics.code.tex)
(C:\Users\HP\AppData\Local\Programs\MiKTeX\tex/generic/pgf/math\pgfmathcalc.cod
e.tex)
(C:\Users\HP\AppData\Local\Programs\MiKTeX\tex/generic/pgf/math\pgfmathfloat.co
de.tex
\c@pgfmathroundto@lastzeros=\count326
))
(C:\Users\HP\AppData\Local\Programs\MiKTeX\tex/generic/pgf/math\pgfint.code.tex
)
(C:\Users\HP\AppData\Local\Programs\MiKTeX\tex/generic/pgf/basiclayer\pgfcorepo
ints.code.tex
File: pgfcorepoints.code.tex 2026-08-01 v3.1.12 (3.1.12)
\pgf@picminx=\dimen188
\pgf@picmaxx=\dimen189
\pgf@picminy=\dimen190
\pgf@picmaxy=\dimen191
\pgf@pathminx=\dimen192
\pgf@pathmaxx=\dimen193
\pgf@pathminy=\dimen194
\pgf@pathmaxy=\dimen195
\pgf@xx=\dimen196
\pgf@xy=\dimen197
\pgf@yx=\dimen198
\pgf@yy=\dimen199
\pgf@zx=\dimen256
\pgf@zy=\dimen257
)
(C:\Users\HP\AppData\Local\Programs\MiKTeX\tex/generic/pgf/basiclayer\pgfcorepa
thconstruct.code.tex
File: pgfcorepathconstruct.code.tex 2026-08-01 v3.1.12 (3.1.12)
\pgf@path@lastx=\dimen258
\pgf@path@lasty=\dimen259
)
(C:\Users\HP\AppData\Local\Programs\MiKTeX\tex/generic/pgf/basiclayer\pgfcorepa
thusage.code.tex
File: pgfcorepathusage.code.tex 2026-08-01 v3.1.12 (3.1.12)
\pgf@shorten@end@additional=\dimen260
\pgf@shorten@start@additional=\dimen261
)
(C:\Users\HP\AppData\Local\Programs\MiKTeX\tex/generic/pgf/basiclayer\pgfcoresc
opes.code.tex
File: pgfcorescopes.code.tex 2026-08-01 v3.1.12 (3.1.12)
\pgfpic=\box58
\pgf@hbox=\box59
\pgf@layerbox@main=\box60
\pgf@picture@serial@count=\count327
)
(C:\Users\HP\AppData\Local\Programs\MiKTeX\tex/generic/pgf/basiclayer\pgfcoregr
aphicstate.code.tex
File: pgfcoregraphicstate.code.tex 2026-08-01 v3.1.12 (3.1.12)
\pgflinewidth=\dimen262
)
(C:\Users\HP\AppData\Local\Programs\MiKTeX\tex/generic/pgf/basiclayer\pgfcoretr
ansformations.code.tex
File: pgfcoretransformations.code.tex 2026-08-01 v3.1.12 (3.1.12)
\pgf@pt@x=\dimen263
\pgf@pt@y=\dimen264
\pgf@pt@temp=\dimen265
)
(C:\Users\HP\AppData\Local\Programs\MiKTeX\tex/generic/pgf/basiclayer\pgfcorequ
ick.code.tex
File: pgfcorequick.code.tex 2026-08-01 v3.1.12 (3.1.12)
)
(C:\Users\HP\AppData\Local\Programs\MiKTeX\tex/generic/pgf/basiclayer\pgfcoreob
jects.code.tex
File: pgfcoreobjects.code.tex 2026-08-01 v3.1.12 (3.1.12)
)
(C:\Users\HP\AppData\Local\Programs\MiKTeX\tex/generic/pgf/basiclayer\pgfcorepa
thprocessing.code.tex
File: pgfcorepathprocessing.code.tex 2026-08-01 v3.1.12 (3.1.12)
)
(C:\Users\HP\AppData\Local\Programs\MiKTeX\tex/generic/pgf/basiclayer\pgfcorear
rows.code.tex
File: pgfcorearrows.code.tex 2026-08-01 v3.1.12 (3.1.12)
\pgfarrowsep=\dimen266
)
(C:\Users\HP\AppData\Local\Programs\MiKTeX\tex/generic/pgf/basiclayer\pgfcoresh
ade.code.tex
File: pgfcoreshade.code.tex 2026-08-01 v3.1.12 (3.1.12)
\pgf@max=\dimen267
\pgf@sys@shading@range@num=\count328
\pgf@shadingcount=\count329
)
(C:\Users\HP\AppData\Local\Programs\MiKTeX\tex/generic/pgf/basiclayer\pgfcoreim
age.code.tex
File: pgfcoreimage.code.tex 2026-08-01 v3.1.12 (3.1.12)
)
(C:\Users\HP\AppData\Local\Programs\MiKTeX\tex/generic/pgf/basiclayer\pgfcoreex
ternal.code.tex
File: pgfcoreexternal.code.tex 2026-08-01 v3.1.12 (3.1.12)
\pgfexternal@startupbox=\box61
)
(C:\Users\HP\AppData\Local\Programs\MiKTeX\tex/generic/pgf/basiclayer\pgfcorela
yers.code.tex
File: pgfcorelayers.code.tex 2026-08-01 v3.1.12 (3.1.12)
)
(C:\Users\HP\AppData\Local\Programs\MiKTeX\tex/generic/pgf/basiclayer\pgfcoretr
ansparency.code.tex
File: pgfcoretransparency.code.tex 2026-08-01 v3.1.12 (3.1.12)
)
(C:\Users\HP\AppData\Local\Programs\MiKTeX\tex/generic/pgf/basiclayer\pgfcorepa
tterns.code.tex
File: pgfcorepatterns.code.tex 2026-08-01 v3.1.12 (3.1.12)
)
(C:\Users\HP\AppData\Local\Programs\MiKTeX\tex/generic/pgf/basiclayer\pgfcorerd
f.code.tex
File: pgfcorerdf.code.tex 2026-08-01 v3.1.12 (3.1.12)
)))
(C:\Users\HP\AppData\Local\Programs\MiKTeX\tex/generic/pgf/modules\pgfmodulesha
pes.code.tex
File: pgfmoduleshapes.code.tex 2026-08-01 v3.1.12 (3.1.12)
\pgfnodeparttextbox=\box62
)
(C:\Users\HP\AppData\Local\Programs\MiKTeX\tex/generic/pgf/modules\pgfmoduleplo
t.code.tex
File: pgfmoduleplot.code.tex 2026-08-01 v3.1.12 (3.1.12)
)
(C:\Users\HP\AppData\Local\Programs\MiKTeX\tex/latex/pgf/compatibility\pgfcomp-
version-0-65.sty
Package: pgfcomp-version-0-65 2026-08-01 v3.1.12 (3.1.12)
\pgf@nodesepstart=\dimen268
\pgf@nodesepend=\dimen269
)
(C:\Users\HP\AppData\Local\Programs\MiKTeX\tex/latex/pgf/compatibility\pgfcomp-
version-1-18.sty
Package: pgfcomp-version-1-18 2026-08-01 v3.1.12 (3.1.12)
))
(C:\Users\HP\AppData\Local\Programs\MiKTeX\tex/latex/pgf/utilities\pgffor.sty
(C:\Users\HP\AppData\Local\Programs\MiKTeX\tex/latex/pgf/utilities\pgfkeys.sty
(C:\Users\HP\AppData\Local\Programs\MiKTeX\tex/generic/pgf/utilities\pgfkeys.co
de.tex))
(C:\Users\HP\AppData\Local\Programs\MiKTeX\tex/latex/pgf/math\pgfmath.sty
(C:\Users\HP\AppData\Local\Programs\MiKTeX\tex/generic/pgf/math\pgfmath.code.te
x))
(C:\Users\HP\AppData\Local\Programs\MiKTeX\tex/generic/pgf/utilities\pgffor.cod
e.tex
Package: pgffor 2026-08-01 v3.1.12 (3.1.12)
\pgffor@iter=\dimen270
\pgffor@skip=\dimen271
\pgffor@stack=\toks39
\pgffor@toks=\toks40
))
(C:\Users\HP\AppData\Local\Programs\MiKTeX\tex/generic/pgf/frontendlayer/tikz\t
ikz.code.tex
Package: tikz 2026-08-01 v3.1.12 (3.1.12)

(C:\Users\HP\AppData\Local\Programs\MiKTeX\tex/generic/pgf/libraries\pgflibrary
plothandlers.code.tex
File: pgflibraryplothandlers.code.tex 2026-08-01 v3.1.12 (3.1.12)
\pgf@plot@mark@count=\count330
\pgfplotmarksize=\dimen272
)
\tikz@lastx=\dimen273
\tikz@lasty=\dimen274
\tikz@lastxsaved=\dimen275
\tikz@lastysaved=\dimen276
\tikz@lastmovetox=\dimen277
\tikz@lastmovetoy=\dimen278
\tikzleveldistance=\dimen279
\tikzsiblingdistance=\dimen280
\tikz@figbox=\box63
\tikz@figbox@bg=\box64
\tikz@tempbox=\box65
\tikz@tempbox@bg=\box66
\tikztreelevel=\count331
\tikznumberofchildren=\count332
\tikznumberofcurrentchild=\count333
\tikz@fig@count=\count334

(C:\Users\HP\AppData\Local\Programs\MiKTeX\tex/generic/pgf/modules\pgfmodulemat
rix.code.tex
File: pgfmodulematrix.code.tex 2026-08-01 v3.1.12 (3.1.12)
\pgfmatrixcurrentrow=\count335
\pgfmatrixcurrentcolumn=\count336
\pgf@matrix@numberofcolumns=\count337
)
\tikz@expandcount=\count338

(C:\Users\HP\AppData\Local\Programs\MiKTeX\tex/generic/pgf/frontendlayer/tikz/l
ibraries\tikzlibrarytopaths.code.tex
File: tikzlibrarytopaths.code.tex 2026-08-01 v3.1.12 (3.1.12)
)))
(C:\Users\HP\AppData\Local\Programs\MiKTeX\tex/generic/pgf/frontendlayer/tikz/l
ibraries\tikzlibrarycalc.code.tex
File: tikzlibrarycalc.code.tex 2026-08-01 v3.1.12 (3.1.12)
)
(C:\Users\HP\AppData\Local\Programs\MiKTeX\tex/generic/pgf/frontendlayer/tikz/l
ibraries\tikzlibrarypositioning.code.tex
File: tikzlibrarypositioning.code.tex 2026-08-01 v3.1.12 (3.1.12)
)
(C:\Users\HP\AppData\Local\Programs\MiKTeX\tex/latex/float\float.sty
Package: float 2001/11/08 v1.3d Float enhancements (AL)
\c@float@type=\count339
\float@exts=\toks41
\float@box=\box67
\@float@everytoks=\toks42
\@floatcapt=\box68
)
(C:\Users\HP\AppData\Local\Programs\MiKTeX\tex/latex/tools\longtable.sty
Package: longtable 2026-01-28 v4.27 Multi-page Table package (DPC)
\LTleft=\skip69
\LTright=\skip70
\LTpre=\skip71
\LTpost=\skip72
\LTchunksize=\count340
\LTcapwidth=\dimen281
\LT@head=\box69
\LT@firsthead=\box70
\LT@foot=\box71
\LT@lastfoot=\box72
\LT@gbox=\box73
\LT@cols=\count341
\LT@rows=\count342
\c@LT@tables=\count343
\c@LT@chunks=\count344
\LT@p@ftn=\toks43
)
(C:\Users\HP\AppData\Local\Programs\MiKTeX\tex/latex/booktabs\booktabs.sty
Package: booktabs 2020/01/12 v1.61803398 Publication quality tables
\heavyrulewidth=\dimen282
\lightrulewidth=\dimen283
\cmidrulewidth=\dimen284
\belowrulesep=\dimen285
\belowbottomsep=\dimen286
\aboverulesep=\dimen287
\abovetopsep=\dimen288
\cmidrulesep=\dimen289
\cmidrulekern=\dimen290
\defaultaddspace=\dimen291
\@cmidla=\count345
\@cmidlb=\count346
\@aboverulesep=\dimen292
\@belowrulesep=\dimen293
\@thisruleclass=\count347
\@lastruleclass=\count348
\@thisrulewidth=\dimen294
)
(C:\Users\HP\AppData\Local\Programs\MiKTeX\tex/latex/tools\array.sty
Package: array 2026/02/24 v2.7b Tabular extension package (FMi)
\col@sep=\dimen295
\ar@mcellbox=\box74
\extrarowheight=\dimen296
\NC@list=\toks44
\extratabsurround=\skip73
\backup@length=\skip74
\ar@cellbox=\box75
)
(C:\Users\HP\AppData\Local\Programs\MiKTeX\tex/latex/multirow\multirow.sty
Package: multirow 2024/11/12 v2.9 Span multiple rows of a table
\multirow@colwidth=\skip75
\multirow@cntb=\count349
\multirow@dima=\skip76
\bigstrutjot=\dimen297
)
(C:\Users\HP\AppData\Local\Programs\MiKTeX\tex/latex/tools\tabularx.sty
Package: tabularx 2023/12/11 v2.12a `tabularx' package (DPC)
\TX@col@width=\dimen298
\TX@old@table=\dimen299
\TX@old@col=\dimen300
\TX@target=\dimen301
\TX@delta=\dimen302
\TX@cols=\count350
\TX@ftn=\toks45
)
(C:\Users\HP\AppData\Local\Programs\MiKTeX\tex/latex/xltabular\xltabular.sty
Package: xltabular 2025/02/28 v0.2i `xltabular' package (hv,RN)

(C:\Users\HP\AppData\Local\Programs\MiKTeX\tex/latex/ltablex\ltablex.sty
Package: ltablex 2014/08/13 v1.1 Modified tabularx
))
(C:\Users\HP\AppData\Local\Programs\MiKTeX\tex/latex/caption\subcaption.sty
Package: subcaption 2023/07/28 v1.6b Sub-captions (AR)

(C:\Users\HP\AppData\Local\Programs\MiKTeX\tex/latex/caption\caption.sty
Package: caption 2023/08/05 v3.6o Customizing captions (AR)

(C:\Users\HP\AppData\Local\Programs\MiKTeX\tex/latex/caption\caption3.sty
Package: caption3 2023/07/31 v2.4d caption3 kernel (AR)
\caption@tempdima=\dimen303
\captionmargin=\dimen304
\caption@leftmargin=\dimen305
\caption@rightmargin=\dimen306
\caption@width=\dimen307
\caption@indent=\dimen308
\caption@parindent=\dimen309
\caption@hangindent=\dimen310
Package caption Info: Standard document class detected.
)
\c@caption@flags=\count351
\c@continuedfloat=\count352
Package caption Info: float package is loaded.
Package caption Info: longtable package is loaded.

(C:\Users\HP\AppData\Local\Programs\MiKTeX\tex/latex/caption\ltcaption.sty
Package: ltcaption 2021/01/08 v1.4c longtable captions (AR)
))
Package caption Info: New subtype `subfigure' on input line 238.
\c@subfigure=\count353
Package caption Info: New subtype `subtable' on input line 238.
\c@subtable=\count354
)
(C:\Users\HP\AppData\Local\Programs\MiKTeX\tex/latex/hyperref\hyperref.sty
Package: hyperref 2026-06-17 v7.01r Hypertext links for LaTeX

(C:\Users\HP\AppData\Local\Programs\MiKTeX\tex/latex/kvsetkeys\kvsetkeys.sty
Package: kvsetkeys 2022-10-05 v1.19 Key value parser (HO)
)
(C:\Users\HP\AppData\Local\Programs\MiKTeX\tex/generic/kvdefinekeys\kvdefinekey
s.sty
Package: kvdefinekeys 2019-12-19 v1.6 Define keys (HO)
)
(C:\Users\HP\AppData\Local\Programs\MiKTeX\tex/generic/pdfescape\pdfescape.sty
Package: pdfescape 2019/12/09 v1.15 Implements pdfTeX's escape features (HO)

(C:\Users\HP\AppData\Local\Programs\MiKTeX\tex/generic/ltxcmds\ltxcmds.sty
Package: ltxcmds 2023-12-04 v1.26 LaTeX kernel commands for general use (HO)
)
(C:\Users\HP\AppData\Local\Programs\MiKTeX\tex/generic/pdftexcmds\pdftexcmds.st
y
Package: pdftexcmds 2020-06-27 v0.33 Utility functions of pdfTeX for LuaTeX (HO
)

(C:\Users\HP\AppData\Local\Programs\MiKTeX\tex/generic/infwarerr\infwarerr.sty
Package: infwarerr 2019/12/03 v1.5 Providing info/warning/error messages (HO)
)
Package pdftexcmds Info: \pdf@primitive is available.
Package pdftexcmds Info: \pdf@ifprimitive is available.
Package pdftexcmds Info: \pdfdraftmode not found.
)) (C:\Users\HP\AppData\Local\Programs\MiKTeX\tex/latex/hycolor\hycolor.sty
Package: hycolor 2020-01-27 v1.10 Color options for hyperref/bookmark (HO)
)
(C:\Users\HP\AppData\Local\Programs\MiKTeX\tex/latex/hyperref\nameref.sty
Package: nameref 2026-01-29 v2.58 Cross-referencing by name of section

(C:\Users\HP\AppData\Local\Programs\MiKTeX\tex/latex/refcount\refcount.sty
Package: refcount 2019/12/15 v3.6 Data extraction from label references (HO)
)
(C:\Users\HP\AppData\Local\Programs\MiKTeX\tex/generic/gettitlestring\gettitles
tring.sty
Package: gettitlestring 2019/12/15 v1.6 Cleanup title references (HO)

(C:\Users\HP\AppData\Local\Programs\MiKTeX\tex/latex/kvoptions\kvoptions.sty
Package: kvoptions 2022-06-15 v3.15 Key value format for package options (HO)
))
\c@section@level=\count355
) (C:\Users\HP\AppData\Local\Programs\MiKTeX\tex/generic/stringenc\stringenc.st
y
Package: stringenc 2019/11/29 v1.12 Convert strings between diff. encodings (HO
)
)
\@linkdim=\dimen311
\Hy@linkcounter=\count356
\Hy@pagecounter=\count357
 (C:\Users\HP\AppData\Local\Programs\MiKTeX\tex/latex/hyperref\pd1enc.def
File: pd1enc.def 2026-06-17 v7.01r Hyperref: PDFDocEncoding definition (HO)
)
(C:\Users\HP\AppData\Local\Programs\MiKTeX\tex/generic/intcalc\intcalc.sty
Package: intcalc 2019/12/15 v1.3 Expandable calculations with integers (HO)
)
\Hy@SavedSpaceFactor=\count358

(C:\Users\HP\AppData\Local\Programs\MiKTeX\tex/latex/hyperref\puenc.def
File: puenc.def 2026-06-17 v7.01r Hyperref: PDF Unicode definition (HO)
)
Package hyperref Info: Hyper figures OFF on input line 4199.
Package hyperref Info: Link nesting OFF on input line 4204.
Package hyperref Info: Hyper index ON on input line 4207.
Package hyperref Info: Plain pages OFF on input line 4214.
Package hyperref Info: Backreferencing OFF on input line 4219.
Package hyperref Info: Implicit mode ON; LaTeX internals redefined.
Package hyperref Info: Bookmarks ON on input line 4466.
\c@Hy@tempcnt=\count359

(C:\Users\HP\AppData\Local\Programs\MiKTeX\tex/latex/url\url.sty
\Urlmuskip=\muskip18
Package: url 2013/09/16  ver 3.4  Verb mode for urls, etc.
)
LaTeX Info: Redefining \url on input line 4805.
\XeTeXLinkMargin=\dimen312

(C:\Users\HP\AppData\Local\Programs\MiKTeX\tex/generic/bitset\bitset.sty
Package: bitset 2019/12/09 v1.3 Handle bit-vector datatype (HO)

(C:\Users\HP\AppData\Local\Programs\MiKTeX\tex/generic/bigintcalc\bigintcalc.st
y
Package: bigintcalc 2019/12/15 v1.5 Expandable calculations on big integers (HO
)
))
\Fld@menulength=\count360
\Field@Width=\dimen313
\Fld@charsize=\dimen314
Package hyperref Info: Hyper figures OFF on input line 6091.
Package hyperref Info: Link nesting OFF on input line 6096.
Package hyperref Info: Hyper index ON on input line 6099.
Package hyperref Info: backreferencing OFF on input line 6106.
Package hyperref Info: Link coloring OFF on input line 6111.
Package hyperref Info: Link coloring with OCG OFF on input line 6116.
Package hyperref Info: PDF/A mode OFF on input line 6121.
\Hy@abspage=\count361
\c@Item=\count362
\c@Hfootnote=\count363
)
Package hyperref Info: Driver (autodetected): hxetex.
 (C:\Users\HP\AppData\Local\Programs\MiKTeX\tex/latex/hyperref\hxetex.def
File: hxetex.def 2026-06-17 v7.01r Hyperref driver for XeTeX
\pdfm@box=\box76
\c@Hy@AnnotLevel=\count364
\HyField@AnnotCount=\count365
\Fld@listcount=\count366
\c@bookmark@seq@number=\count367

(C:\Users\HP\AppData\Local\Programs\MiKTeX\tex/latex/rerunfilecheck\rerunfilech
eck.sty
Package: rerunfilecheck 2025-06-21 v1.11 Rerun checks for auxiliary files (HO)

(C:\Users\HP\AppData\Local\Programs\MiKTeX\tex/generic/uniquecounter\uniquecoun
ter.sty
Package: uniquecounter 2019/12/15 v1.4 Provide unlimited unique counter (HO)
)
Package uniquecounter Info: New unique counter `rerunfilecheck' on input line 2
84.
)
\Hy@SectionHShift=\skip77
)
(C:\Users\HP\AppData\Local\Programs\MiKTeX\tex/latex/tocloft\tocloft.sty
Package: tocloft 2017/08/31 v2.3i parameterised ToC, etc., typesetting
Package tocloft Info: The document has chapter divisions on input line 51.
\cftparskip=\skip78
\cftbeforetoctitleskip=\skip79
\cftaftertoctitleskip=\skip80
\cftbeforepartskip=\skip81
\cftpartnumwidth=\skip82
\cftpartindent=\skip83
\cftbeforechapskip=\skip84
\cftchapindent=\skip85
\cftchapnumwidth=\skip86
\cftbeforesecskip=\skip87
\cftsecindent=\skip88
\cftsecnumwidth=\skip89
\cftbeforesubsecskip=\skip90
\cftsubsecindent=\skip91
\cftsubsecnumwidth=\skip92
\cftbeforesubsubsecskip=\skip93
\cftsubsubsecindent=\skip94
\cftsubsubsecnumwidth=\skip95
\cftbeforeparaskip=\skip96
\cftparaindent=\skip97
\cftparanumwidth=\skip98
\cftbeforesubparaskip=\skip99
\cftsubparaindent=\skip100
\cftsubparanumwidth=\skip101
\cftbeforeloftitleskip=\skip102
\cftafterloftitleskip=\skip103
\cftbeforefigskip=\skip104
\cftfigindent=\skip105
\cftfignumwidth=\skip106
\c@lofdepth=\count368
\c@lotdepth=\count369
\cftbeforelottitleskip=\skip107
\cftafterlottitleskip=\skip108
\cftbeforetabskip=\skip109
\cfttabindent=\skip110
\cfttabnumwidth=\skip111
)
(C:\Users\HP\AppData\Local\Programs\MiKTeX\tex/latex/titlesec\titlesec.sty
Package: titlesec 2025/01/04 v2.17 Sectioning titles
\ttl@box=\box77
\beforetitleunit=\skip112
\aftertitleunit=\skip113
\ttl@plus=\dimen315
\ttl@minus=\dimen316
\ttl@toksa=\toks46
\titlewidth=\dimen317
\titlewidthlast=\dimen318
\titlewidthfirst=\dimen319
)
(C:\Users\HP\AppData\Local\Programs\MiKTeX\tex/latex/csquotes\csquotes.sty
Package: csquotes 2026-05-19 v5.2p context-sensitive quotations (JAW)
\csq@reset=\count370
\csq@gtype=\count371
\csq@glevel=\count372
\csq@qlevel=\count373
\csq@maxlvl=\count374
\csq@tshold=\count375
\csq@ltx@everypar=\toks47

(C:\Users\HP\AppData\Local\Programs\MiKTeX\tex/latex/csquotes\csquotes.def
File: csquotes.def 2026-05-19 v5.2p csquotes generic definitions (JAW)
)
Package csquotes Info: Trying to load configuration file 'csquotes.cfg'...
Package csquotes Info: ... configuration file loaded successfully.

(C:\Users\HP\AppData\Local\Programs\MiKTeX\tex/latex/csquotes\csquotes.cfg
File: csquotes.cfg 
))
(C:\Users\HP\AppData\Local\Programs\MiKTeX\tex/latex/biblatex\biblatex.sty
Package: biblatex 2025/07/10 v3.21 programmable bibliographies (PK/MW)

(C:\Users\HP\AppData\Local\Programs\MiKTeX\tex/latex/logreq\logreq.sty
Package: logreq 2010/08/04 v1.0 xml request logger
\lrq@indent=\count376

(C:\Users\HP\AppData\Local\Programs\MiKTeX\tex/latex/logreq\logreq.def
File: logreq.def 2010/08/04 v1.0 logreq spec v1.0
))
(C:\Users\HP\AppData\Local\Programs\MiKTeX\tex/latex/base\ifthen.sty
Package: ifthen 2024/03/16 v1.1e Standard LaTeX ifthen package (DPC)
)
\c@tabx@nest=\count377
\c@listtotal=\count378
\c@listcount=\count379
\c@liststart=\count380
\c@liststop=\count381
\c@citecount=\count382
\c@citetotal=\count383
\c@multicitecount=\count384
\c@multicitetotal=\count385
\c@instcount=\count386
\c@maxnames=\count387
\c@minnames=\count388
\c@maxitems=\count389
\c@minitems=\count390
\c@citecounter=\count391
\c@maxcitecounter=\count392
\c@savedcitecounter=\count393
\c@uniquelist=\count394
\c@uniquename=\count395
\c@refsection=\count396
\c@refsegment=\count397
\c@maxextratitle=\count398
\c@maxextratitleyear=\count399
\c@maxextraname=\count400
\c@maxextradate=\count401
\c@maxextraalpha=\count402
\c@abbrvpenalty=\count403
\c@highnamepenalty=\count404
\c@lownamepenalty=\count405
\c@maxparens=\count406
\c@parenlevel=\count407
\blx@tempcnta=\count408
\blx@tempcntb=\count409
\blx@tempcntc=\count410
\c@blx@maxsection=\count411
\blx@maxsegment@0=\count412
\blx@notetype=\count413
\blx@parenlevel@text=\count414
\blx@parenlevel@foot=\count415
\blx@sectionciteorder@0=\count416
\blx@sectionciteorderinternal@0=\count417
\blx@entrysetcounter=\count418
\blx@biblioinstance=\count419
\labelnumberwidth=\skip114
\labelalphawidth=\skip115
\biblabelsep=\skip116
\bibitemsep=\skip117
\bibnamesep=\skip118
\bibinitsep=\skip119
\bibparsep=\skip120
\bibhang=\skip121
\blx@bcfin=\read4
\blx@bcfout=\write4
\blx@langwohyphens=\language80
\c@mincomprange=\count420
\c@maxcomprange=\count421
\c@mincompwidth=\count422
Package biblatex Info: Trying to load biblatex default data model...
Package biblatex Info: ... file 'blx-dm.def' found.

(C:\Users\HP\AppData\Local\Programs\MiKTeX\tex/latex/biblatex\blx-dm.def
File: blx-dm.def 2025/07/10 v3.21 biblatex datamodel (PK/MW)
)
Package biblatex Info: Trying to load biblatex style data model...
Package biblatex Info: ... file 'ieee.dbx' not found.
Package biblatex Info: Trying to load biblatex custom data model...
Package biblatex Info: ... file 'biblatex-dm.cfg' not found.
\c@afterword=\count423
\c@savedafterword=\count424
\c@annotator=\count425
\c@savedannotator=\count426
\c@author=\count427
\c@savedauthor=\count428
\c@bookauthor=\count429
\c@savedbookauthor=\count430
\c@commentator=\count431
\c@savedcommentator=\count432
\c@editor=\count433
\c@savededitor=\count434
\c@editora=\count435
\c@savededitora=\count436
\c@editorb=\count437
\c@savededitorb=\count438
\c@editorc=\count439
\c@savededitorc=\count440
\c@foreword=\count441
\c@savedforeword=\count442
\c@holder=\count443
\c@savedholder=\count444
\c@introduction=\count445
\c@savedintroduction=\count446
\c@namea=\count447
\c@savednamea=\count448
\c@nameb=\count449
\c@savednameb=\count450
\c@namec=\count451
\c@savednamec=\count452
\c@translator=\count453
\c@savedtranslator=\count454
\c@shortauthor=\count455
\c@savedshortauthor=\count456
\c@shorteditor=\count457
\c@savedshorteditor=\count458
\c@labelname=\count459
\c@savedlabelname=\count460
\c@institution=\count461
\c@savedinstitution=\count462
\c@lista=\count463
\c@savedlista=\count464
\c@listb=\count465
\c@savedlistb=\count466
\c@listc=\count467
\c@savedlistc=\count468
\c@listd=\count469
\c@savedlistd=\count470
\c@liste=\count471
\c@savedliste=\count472
\c@listf=\count473
\c@savedlistf=\count474
\c@location=\count475
\c@savedlocation=\count476
\c@organization=\count477
\c@savedorganization=\count478
\c@origlocation=\count479
\c@savedoriglocation=\count480
\c@origpublisher=\count481
\c@savedorigpublisher=\count482
\c@publisher=\count483
\c@savedpublisher=\count484
\c@language=\count485
\c@savedlanguage=\count486
\c@origlanguage=\count487
\c@savedoriglanguage=\count488
\c@pageref=\count489
\c@savedpageref=\count490
\shorthandwidth=\skip122
\shortjournalwidth=\skip123
\shortserieswidth=\skip124
\shorttitlewidth=\skip125
\shortauthorwidth=\skip126
\shorteditorwidth=\skip127
\locallabelnumberwidth=\skip128
\locallabelalphawidth=\skip129
\localshorthandwidth=\skip130
\localshortjournalwidth=\skip131
\localshortserieswidth=\skip132
\localshorttitlewidth=\skip133
\localshortauthorwidth=\skip134
\localshorteditorwidth=\skip135
Package biblatex Info: Trying to load enhanced support for Unicode engines...
Package biblatex Info: ... file 'blx-unicode.def' found.

(C:\Users\HP\AppData\Local\Programs\MiKTeX\tex/latex/biblatex\blx-unicode.def)
Package biblatex Info: Trying to load compatibility code...
Package biblatex Info: ... file 'blx-compat.def' found.

(C:\Users\HP\AppData\Local\Programs\MiKTeX\tex/latex/biblatex\blx-compat.def
File: blx-compat.def 2025/07/10 v3.21 biblatex compatibility (PK/MW)
)
Package biblatex Info: Trying to load generic definitions...
Package biblatex Info: ... file 'biblatex.def' found.

(C:\Users\HP\AppData\Local\Programs\MiKTeX\tex/latex/biblatex\biblatex.def
File: biblatex.def 2025/07/10 v3.21 biblatex compatibility (PK/MW)
\c@textcitecount=\count491
\c@textcitetotal=\count492
\c@textcitemaxnames=\count493
\c@biburlbigbreakpenalty=\count494
\c@biburlbreakpenalty=\count495
\c@biburlnumpenalty=\count496
\c@biburlucpenalty=\count497
\c@biburllcpenalty=\count498
\biburlbigskip=\muskip19
\biburlnumskip=\muskip20
\biburlucskip=\muskip21
\biburllcskip=\muskip22
\c@smartand=\count499
)
Package biblatex Info: Trying to load bibliography style 'ieee'...
Package biblatex Info: ... file 'ieee.bbx' found.

(C:\Users\HP\AppData\Local\Programs\MiKTeX\tex/latex/biblatex-ieee\ieee.bbx
File: ieee.bbx 2025-08-01 v1.4f biblatex bibliography style
Package biblatex Info: Trying to load bibliography style 'numeric-comp'...
Package biblatex Info: ... file 'numeric-comp.bbx' found.

(C:\Users\HP\AppData\Local\Programs\MiKTeX\tex/latex/biblatex/bbx\numeric-comp.
bbx
File: numeric-comp.bbx 2025/07/10 v3.21 biblatex bibliography style (PK/MW)
Package biblatex Info: Trying to load bibliography style 'numeric'...
Package biblatex Info: ... file 'numeric.bbx' found.

(C:\Users\HP\AppData\Local\Programs\MiKTeX\tex/latex/biblatex/bbx\numeric.bbx
File: numeric.bbx 2025/07/10 v3.21 biblatex bibliography style (PK/MW)
Package biblatex Info: Trying to load bibliography style 'standard'...
Package biblatex Info: ... file 'standard.bbx' found.

(C:\Users\HP\AppData\Local\Programs\MiKTeX\tex/latex/biblatex/bbx\standard.bbx
File: standard.bbx 2025/07/10 v3.21 biblatex bibliography style (PK/MW)
\c@bbx:relatedcount=\count500
\c@bbx:relatedtotal=\count501
))))
Package biblatex Info: Trying to load citation style 'ieee'...
Package biblatex Info: ... file 'ieee.cbx' found.
 (C:\Users\HP\AppData\Local\Programs\MiKTeX\tex/latex/biblatex-ieee\ieee.cbx
File: ieee.cbx 2025-08-01 v1.4f biblatex citation style
Package biblatex Info: Trying to load citation style 'numeric-verb'...
Package biblatex Info: ... file 'numeric-verb.cbx' found.

(C:\Users\HP\AppData\Local\Programs\MiKTeX\tex/latex/biblatex/cbx\numeric-verb.
cbx
File: numeric-verb.cbx 2025/07/10 v3.21 biblatex citation style (PK/MW)
Package biblatex Info: Redefining '\cite'.
Package biblatex Info: Redefining '\parencite'.
Package biblatex Info: Redefining '\footcite'.
Package biblatex Info: Redefining '\footcitetext'.
Package biblatex Info: Redefining '\smartcite'.
Package biblatex Info: Redefining '\textcite'.
Package biblatex Info: Redefining '\supercite'.
Package biblatex Info: Redefining '\parencites'.
Package biblatex Info: Redefining '\smartcites'.
Package biblatex Info: Redefining '\textcites'.
))
Package biblatex Info: Trying to load configuration file...
Package biblatex Info: ... file 'biblatex.cfg' found.

(C:\Users\HP\AppData\Local\Programs\MiKTeX\tex/latex/biblatex\biblatex.cfg
File: biblatex.cfg 
)
Package biblatex Info: XeTeX detected.
(biblatex)             Assuming input encoding 'utf8'.
Package biblatex Info: Document encoding is UTF8 ....
Package biblatex Info: ... and expl3
(biblatex)             2026-07-20 L3 programming layer (loader) 
(biblatex)             is new enough (at least 2020/04/06),
(biblatex)             setting 'casechanger=expl3'.

(C:\Users\HP\AppData\Local\Programs\MiKTeX\tex/latex/biblatex\blx-case-expl3.st
y
Package: blx-case-expl3 2025/07/10 v3.21 expl3 case changing code for biblatex
)) (C:\Users\HP\AppData\Local\Programs\MiKTeX\tex/latex/xurl\xurl.sty
Package: xurl 2022/01/09 v 0.10 modify URL breaks

xurl: Set penalties for biblatex
) (C:\Users\HP\AppData\Local\Programs\MiKTeX\tex/latex/enumitem\enumitem.sty
Package: enumitem 2025/02/06 v3.11 Customized lists
\labelindent=\skip136
\enit@outerparindent=\dimen320
\enit@toks=\toks48
\enit@inbox=\box78
\enit@count@id=\count502
\enitdp@description=\count503
))
Package csquotes Info: Checking for multilingual support...
Package csquotes Info: ... found 'babel' package.
Package csquotes Info: Adjusting default style.
Package csquotes Info: Redefining alias 'default' -> 'vietnamese'.

(main.aux
Package babel Info: 'vietnamese' activates 'vietnamese' shorthands.
(babel)             Reported on input line 9.
 (content/C1.aux) (content/C2.aux) (content/C3.aux) (content/C4.aux)
(content/C5.aux))
\openout1 = `main.aux'.

LaTeX Font Info:    Checking defaults for OML/cmm/m/it on input line 4.
LaTeX Font Info:    ... okay on input line 4.
LaTeX Font Info:    Checking defaults for OMS/cmsy/m/n on input line 4.
LaTeX Font Info:    ... okay on input line 4.
LaTeX Font Info:    Checking defaults for OT1/cmr/m/n on input line 4.
LaTeX Font Info:    ... okay on input line 4.
LaTeX Font Info:    Checking defaults for T1/cmr/m/n on input line 4.
LaTeX Font Info:    ... okay on input line 4.
LaTeX Font Info:    Checking defaults for TS1/cmr/m/n on input line 4.
LaTeX Font Info:    ... okay on input line 4.
LaTeX Font Info:    Checking defaults for TU/lmr/m/n on input line 4.
LaTeX Font Info:    ... okay on input line 4.
LaTeX Font Info:    Checking defaults for OMX/cmex/m/n on input line 4.
LaTeX Font Info:    ... okay on input line 4.
LaTeX Font Info:    Checking defaults for U/cmr/m/n on input line 4.
LaTeX Font Info:    ... okay on input line 4.
LaTeX Font Info:    Checking defaults for PD1/pdf/m/n on input line 4.
LaTeX Font Info:    ... okay on input line 4.
LaTeX Font Info:    Checking defaults for PU/pdf/m/n on input line 4.
LaTeX Font Info:    ... okay on input line 4.

Package fontspec Info: 
(fontspec)             Adjusting the maths setup (use [no-math] to avoid
(fontspec)             this).

\symlegacymaths=\mathgroup6
LaTeX Font Info:    Overwriting symbol font `legacymaths' in version `bold'
(Font)                  OT1/cmr/m/n --> OT1/cmr/bx/n on input line 4.
LaTeX Font Info:    Redeclaring math accent \acute on input line 4.
LaTeX Font Info:    Redeclaring math accent \grave on input line 4.
LaTeX Font Info:    Redeclaring math accent \ddot on input line 4.
LaTeX Font Info:    Redeclaring math accent \tilde on input line 4.
LaTeX Font Info:    Redeclaring math accent \bar on input line 4.
LaTeX Font Info:    Redeclaring math accent \breve on input line 4.
LaTeX Font Info:    Redeclaring math accent \check on input line 4.
LaTeX Font Info:    Redeclaring math accent \hat on input line 4.
LaTeX Font Info:    Redeclaring math accent \dot on input line 4.
LaTeX Font Info:    Redeclaring math accent \mathring on input line 4.
LaTeX Font Info:    Redeclaring math symbol \Gamma on input line 4.
LaTeX Font Info:    Redeclaring math symbol \Delta on input line 4.
LaTeX Font Info:    Redeclaring math symbol \Theta on input line 4.
LaTeX Font Info:    Redeclaring math symbol \Lambda on input line 4.
LaTeX Font Info:    Redeclaring math symbol \Xi on input line 4.
LaTeX Font Info:    Redeclaring math symbol \Pi on input line 4.
LaTeX Font Info:    Redeclaring math symbol \Sigma on input line 4.
LaTeX Font Info:    Redeclaring math symbol \Upsilon on input line 4.
LaTeX Font Info:    Redeclaring math symbol \Phi on input line 4.
LaTeX Font Info:    Redeclaring math symbol \Psi on input line 4.
LaTeX Font Info:    Redeclaring math symbol \Omega on input line 4.
LaTeX Font Info:    Redeclaring math symbol \mathdollar on input line 4.
LaTeX Font Info:    Redeclaring symbol font `operators' on input line 4.
LaTeX Font Info:    Encoding `OT1' has changed to `TU' for symbol font
(Font)              `operators' in the math version `normal' on input line 4.
LaTeX Font Info:    Overwriting symbol font `operators' in version `normal'
(Font)                  OT1/cmr/m/n --> TU/TimesNewRoman(0)/m/n on input line 4
.
LaTeX Font Info:    Encoding `OT1' has changed to `TU' for symbol font
(Font)              `operators' in the math version `bold' on input line 4.
LaTeX Font Info:    Overwriting symbol font `operators' in version `bold'
(Font)                  OT1/cmr/bx/n --> TU/TimesNewRoman(0)/m/n on input line 
4.
LaTeX Font Info:    Overwriting symbol font `operators' in version `normal'
(Font)                  TU/TimesNewRoman(0)/m/n --> TU/TimesNewRoman(0)/m/n on 
input line 4.
LaTeX Font Info:    Overwriting math alphabet `\mathit' in version `normal'
(Font)                  OT1/cmr/m/it --> TU/TimesNewRoman(0)/m/it on input line
 4.
LaTeX Font Info:    Overwriting math alphabet `\mathbf' in version `normal'
(Font)                  OT1/cmr/bx/n --> TU/TimesNewRoman(0)/b/n on input line 
4.
LaTeX Font Info:    Overwriting math alphabet `\mathsf' in version `normal'
(Font)                  OT1/cmss/m/n --> TU/lmss/m/n on input line 4.
LaTeX Font Info:    Overwriting math alphabet `\mathtt' in version `normal'
(Font)                  OT1/cmtt/m/n --> TU/lmtt/m/n on input line 4.
LaTeX Font Info:    Overwriting symbol font `operators' in version `bold'
(Font)                  TU/TimesNewRoman(0)/m/n --> TU/TimesNewRoman(0)/b/n on 
input line 4.
LaTeX Font Info:    Overwriting math alphabet `\mathit' in version `bold'
(Font)                  OT1/cmr/bx/it --> TU/TimesNewRoman(0)/b/it on input lin
e 4.
LaTeX Font Info:    Overwriting math alphabet `\mathsf' in version `bold'
(Font)                  OT1/cmss/bx/n --> TU/lmss/b/n on input line 4.
LaTeX Font Info:    Overwriting math alphabet `\mathtt' in version `bold'
(Font)                  OT1/cmtt/m/n --> TU/lmtt/b/n on input line 4.
LaTeX Info: Redefining \microtypecontext on input line 4.
Package microtype Info: Applying patch `item' on input line 4.
Package microtype Info: Applying patch `toc' on input line 4.
Package microtype Info: Applying patch `eqnum' on input line 4.
Package microtype Info: Applying patch `footnote' on input line 4.
Package microtype Info: Applying patch `verbatim' on input line 4.
LaTeX Info: Redefining \microtypesetup on input line 4.
Package microtype Info: Character protrusion enabled (level 2).
Package microtype Info: Using default protrusion set `alltext'.
Package microtype Info: No adjustment of tracking.
Package microtype Info: No adjustment of spacing.
Package microtype Info: No adjustment of kerning.
Package microtype Info: Loading generic protrusion settings for font family
(microtype)             `TimesNewRoman' (encoding: TU).
(microtype)             For optimal results, create family-specific settings.
(microtype)             See the microtype manual for details.

*geometry* driver: auto-detecting
*geometry* detected driver: xetex
*geometry* verbose mode - [ preamble ] result:
* driver: xetex
* paper: a4paper
* layout: <same size as paper>
* layoutoffset:(h,v)=(0.0pt,0.0pt)
* modes: 
* h-part:(L,W,R)=(99.58464pt, 441.01773pt, 56.9055pt)
* v-part:(T,H,B)=(85.35826pt, 674.33032pt, 85.35826pt)
* \paperwidth=597.50787pt
* \paperheight=845.04684pt
* \textwidth=441.01773pt
* \textheight=674.33032pt
* \oddsidemargin=27.31465pt
* \evensidemargin=27.31465pt
* \topmargin=-31.36447pt
* \headheight=16.0pt
* \headsep=28.45274pt
* \topskip=10.0pt
* \footskip=34.14322pt
* \marginparwidth=57.0pt
* \marginparsep=11.0pt
* \columnsep=10.0pt
* \skip\footins=11.7pt plus 5.19943pt minus 2.60056pt
* \hoffset=0.0pt
* \voffset=0.0pt
* \mag=1000
* \@twocolumnfalse
* \@twosidefalse
* \@mparswitchfalse
* \@reversemarginfalse
* (1in=72.27pt=25.4mm, 1cm=28.453pt)

Package caption Info: Begin \AtBeginDocument code.
Package caption Info: hyperref package is loaded.
Package caption Info: End \AtBeginDocument code.
Package hyperref Info: Link coloring OFF on input line 4.
(main.out) (main.out)
\@outlinefile=\write5
\openout5 = `main.out'.

Package biblatex Info: Trying to load language 'vietnamese'...
Package biblatex Info: ... file 'vietnamese.lbx' not found.


Package biblatex Warning: Language 'vietnamese' not supported.
(biblatex)                Using dummy definitions on input line 4.

Package biblatex Info: XeTeX detected.
(biblatex)             Assuming input encoding 'utf8'.
Package biblatex Info: Automatic encoding selection.
(biblatex)             Assuming data encoding 'utf8'.
\openout4 = `main.bcf'.

Package biblatex Info: Trying to load bibliographic data...
Package biblatex Info: ... file 'main.bbl' found.
(main.bbl)
Package biblatex Info: Reference section=0 on input line 4.
Package biblatex Info: Reference segment=0 on input line 4.
Package babel Info: Main language set to 'vietnamese'.
 (frontmatter/titlepage.tex
File: media/logo.png Graphic file (type bmp)
<media/logo.png>
 [1

]
File: media/logo.png Graphic file (type bmp)
<media/logo.png>
 [1]) (frontmatter/acknowledgment.tex) [1] (frontmatter/declaration.tex) (front
matter/cofirm.tex [2]
LaTeX Font Info:    Calculating math sizes for size <13> on input line 24.


LaTeX Font Warning: Font shape `OML/cmm/m/it' in size <13> not available
(Font)              size <12> substituted on input line 24.


LaTeX Font Warning: Font shape `OML/cmm/m/it' in size <6.5> not available
(Font)              size <6> substituted on input line 24.


LaTeX Font Warning: Font shape `OMS/cmsy/m/n' in size <13> not available
(Font)              size <12> substituted on input line 24.


LaTeX Font Warning: Font shape `OMS/cmsy/m/n' in size <6.5> not available
(Font)              size <6> substituted on input line 24.

LaTeX Font Info:    Trying to load font information for U+msa on input line 24.

(C:\Users\HP\AppData\Local\Programs\MiKTeX\tex/latex/amsfonts\umsa.fd
File: umsa.fd 2013/01/14 v3.01 AMS symbols A
)
(C:\Users\HP\AppData\Local\Programs\MiKTeX\tex/latex/microtype\mt-msa.cfg
File: mt-msa.cfg 2006/02/04 v1.1 microtype config. file: AMS symbols (a) (RS)
)
LaTeX Font Info:    Trying to load font information for U+msb on input line 24.


(C:\Users\HP\AppData\Local\Programs\MiKTeX\tex/latex/amsfonts\umsb.fd
File: umsb.fd 2013/01/14 v3.01 AMS symbols B
)
(C:\Users\HP\AppData\Local\Programs\MiKTeX\tex/latex/microtype\mt-msb.cfg
File: mt-msb.cfg 2005/06/01 v1.0 microtype config. file: AMS symbols (b) (RS)
)

LaTeX Font Warning: Font shape `OT1/cmr/m/n' in size <13> not available
(Font)              size <12> substituted on input line 24.

(C:\Users\HP\AppData\Local\Programs\MiKTeX\tex/latex/microtype\mt-cmr.cfg
File: mt-cmr.cfg 2013/05/19 v2.2 microtype config. file: Computer Modern Roman 
(RS)
)

LaTeX Font Warning: Font shape `OT1/cmr/m/n' in size <6.5> not available
(Font)              size <6> substituted on input line 24.

) (frontmatter/abstract.tex [3]) (frontmatter/abstract_english.tex [4] [5])
(frontmatter/lists.tex [6] (main.toc [7] [8] [9])
\tf@toc=\write6
\openout6 = `main.toc'.

 [10] (main.lof)
\tf@lof=\write7
\openout7 = `main.lof'.

 [11

]
(main.lot)
\tf@lot=\write8
\openout8 = `main.lot'.

 [12

] [13

])
\openout2 = `content/C1.aux'.

 (content/C1.tex
Chương 1.
[1




] [2] [3] [4] [5]) [6]
\openout2 = `content/C2.aux'.

 (content/C2.tex
Chương 2.
[7




] [8] [9] [10]
LaTeX Font Info:    Calculating math sizes for size <11.86258> on input line 14
4.
 [11] [12] [13] [14] [15] [16] [17]
Underfull \hbox (badness 10000) in paragraph at lines 360--360
[]|\TU/TimesNewRoman(0)/b/n/13 Mô hình /
 []


Underfull \hbox (badness 10000) in paragraph at lines 360--360
[]|\TU/TimesNewRoman(0)/b/n/13 Mô hình /
 []


Underfull \hbox (badness 10000) in paragraph at lines 360--360
[]|\TU/TimesNewRoman(0)/b/n/13 Rendle et al.
 []


Underfull \hbox (badness 10000) in paragraph at lines 360--360
\TU/TimesNewRoman(0)/m/n/13 Personalized
 []


Underfull \hbox (badness 10000) in paragraph at lines 360--360
[]|\TU/TimesNewRoman(0)/m/n/13 MovieLens,
 []


Underfull \hbox (badness 1308) in paragraph at lines 360--360
[]|\TU/TimesNewRoman(0)/m/n/13 Khung tối ưu dựa trên so
 []


Underfull \hbox (badness 4927) in paragraph at lines 360--360
\TU/TimesNewRoman(0)/m/n/13 back. \TU/TimesNewRoman(0)/m/it/13 Hạn chế: \TU/Tim
esNewRoman(0)/m/n/13 mô hình
 []


Underfull \hbox (badness 10000) in paragraph at lines 360--360
[]|\TU/TimesNewRoman(0)/m/n/13 MovieLens,
 []


Underfull \hbox (badness 10000) in paragraph at lines 360--360
[]|\TU/TimesNewRoman(0)/m/n/13 Kết hợp GMF và MLP,
 []


Underfull \hbox (badness 10000) in paragraph at lines 360--360
[]|\TU/TimesNewRoman(0)/b/n/13 Cheng et al.
 []


Underfull \hbox (badness 1484) in paragraph at lines 360--360
[]|\TU/TimesNewRoman(0)/m/n/13 Wide & Deep
 []


Underfull \hbox (badness 7397) in paragraph at lines 360--360
[]|\TU/TimesNewRoman(0)/m/n/13 Google Play
 []


Underfull \hbox (badness 10000) in paragraph at lines 360--360
[]|\TU/TimesNewRoman(0)/m/n/13 Criteo, Dữ
 []


Underfull \hbox (badness 10000) in paragraph at lines 360--360
\TU/TimesNewRoman(0)/m/n/13 liệu doanh
 []


Underfull \hbox (badness 10000) in paragraph at lines 360--360
[]|\TU/TimesNewRoman(0)/b/n/13 Kang &
 []


Underfull \hbox (badness 2790) in paragraph at lines 360--360
[]|\TU/TimesNewRoman(0)/m/n/13 SASRec (Self-
 []


Underfull \hbox (badness 3657) in paragraph at lines 360--360
\TU/TimesNewRoman(0)/m/n/13 Attention tuần
 []


Underfull \hbox (badness 10000) in paragraph at lines 360--360
[]|\TU/TimesNewRoman(0)/m/n/13 Amazon,
 []


Underfull \hbox (badness 10000) in paragraph at lines 360--360
\TU/TimesNewRoman(0)/m/n/13 Steam,
 []


Underfull \hbox (badness 10000) in paragraph at lines 360--360
\TU/TimesNewRoman(0)/m/n/13 MovieLens
 []


Underfull \hbox (badness 10000) in paragraph at lines 360--360
\TU/TimesNewRoman(0)/m/n/13 – \TU/TimesNewRoman(0)/b/n/13 và Dat-
 []


Underfull \hbox (badness 10000) in paragraph at lines 360--360
\TU/TimesNewRoman(0)/b/n/13 aCo/H&M
 []


Underfull \hbox (badness 3907) in paragraph at lines 360--360
[]|\TU/TimesNewRoman(0)/m/n/13 Mô hình hóa chuỗi hành
 []


Underfull \hbox (badness 10000) in paragraph at lines 360--360
\TU/TimesNewRoman(0)/m/n/13 vi bằng Self-Attention
 []


Underfull \hbox (badness 10000) in paragraph at lines 360--360
\TU/TimesNewRoman(0)/m/n/13 causal; đã cài đặt và
 []


Overfull \hbox (12.6324pt too wide) in paragraph at lines 360--360
\TU/TimesNewRoman(0)/m/n/13 GMF/MLP/NeuMF/LightGCN
 []


Underfull \hbox (badness 2426) in paragraph at lines 360--360
\TU/TimesNewRoman(0)/m/n/13 DataCo có mốc thời gian
 []


Underfull \hbox (badness 2951) in paragraph at lines 360--360
\TU/TimesNewRoman(0)/m/n/13 nhưng không có cấu trúc
 []


Underfull \hbox (badness 10000) in paragraph at lines 360--360
\TU/TimesNewRoman(0)/m/n/13 SASRec (streaming/duyệt
 []


Underfull \hbox (badness 10000) in paragraph at lines 360--360
[]|\TU/TimesNewRoman(0)/b/n/13 Wang et al.
 []


Underfull \hbox (badness 10000) in paragraph at lines 360--360
[]|\TU/TimesNewRoman(0)/m/n/13 NGCF /
 []


Underfull \hbox (badness 10000) in paragraph at lines 360--360
\TU/TimesNewRoman(0)/m/n/13 LightGCN
 []


Underfull \hbox (badness 10000) in paragraph at lines 360--360
\TU/TimesNewRoman(0)/m/n/13 (Graph-based
 []


Underfull \hbox (badness 10000) in paragraph at lines 360--360
[]|\TU/TimesNewRoman(0)/m/n/13 Gowalla,
 []


Underfull \hbox (badness 10000) in paragraph at lines 360--360
\TU/TimesNewRoman(0)/m/n/13 Amazon-
 []


Underfull \hbox (badness 10000) in paragraph at lines 360--360
\TU/TimesNewRoman(0)/m/n/13 Book,
 []


Underfull \hbox (badness 10000) in paragraph at lines 360--360
\TU/TimesNewRoman(0)/m/n/13 Yelp2018
 []


Underfull \hbox (badness 10000) in paragraph at lines 360--360
\TU/TimesNewRoman(0)/m/n/13 – \TU/TimesNewRoman(0)/b/n/13 và Dat-
 []


Underfull \hbox (badness 10000) in paragraph at lines 360--360
\TU/TimesNewRoman(0)/b/n/13 aCo/H&M
 []


Underfull \hbox (badness 1270) in paragraph at lines 360--360
\TU/TimesNewRoman(0)/m/n/13 và đối chiếu trực tiếp với
 []


Underfull \hbox (badness 10000) in paragraph at lines 360--360
\TU/TimesNewRoman(0)/m/n/13 cho Recom-
 []


Underfull \hbox (badness 1728) in paragraph at lines 360--360
[]|\TU/TimesNewRoman(0)/m/n/13 Hệ thống hóa hướng khai
 []


Underfull \hbox (badness 1275) in paragraph at lines 360--360
\TU/TimesNewRoman(0)/m/it/13 chế: \TU/TimesNewRoman(0)/m/n/13 chi phí suy luận 
lớn,
 []


Underfull \hbox (badness 1394) in paragraph at lines 360--360
[]|\TU/TimesNewRoman(0)/b/n/13 Li et al. (2024)
 []


Underfull \hbox (badness 1755) in paragraph at lines 360--360
\TU/TimesNewRoman(0)/m/n/13 cho Collabora-
 []


Underfull \hbox (badness 5985) in paragraph at lines 360--360
\TU/TimesNewRoman(0)/m/n/13 miền (2020–
 []


Underfull \hbox (badness 6575) in paragraph at lines 360--360
\TU/TimesNewRoman(0)/m/n/13 MLP, CNN, RNN, GNN,
 []


Underfull \hbox (badness 10000) in paragraph at lines 360--360
\TU/TimesNewRoman(0)/m/n/13 hợp vào CF, xác nhận
 []


Underfull \hbox (badness 10000) in paragraph at lines 360--360
\TU/TimesNewRoman(0)/m/n/13 GMF/MLP vẫn là thành
 []


Underfull \hbox (badness 7064) in paragraph at lines 360--360
\TU/TimesNewRoman(0)/m/n/13 phần nền tảng phổ biến.
 []


Underfull \hbox (badness 10000) in paragraph at lines 360--360
[]|\TU/TimesNewRoman(0)/b/n/13 Wei & Fang
 []


Underfull \hbox (badness 3954) in paragraph at lines 360--360
[]|\TU/TimesNewRoman(0)/m/n/13 Khảo sát Dif-
 []


Underfull \hbox (badness 2762) in paragraph at lines 360--360
\TU/TimesNewRoman(0)/m/n/13 fusion Models
 []


Underfull \hbox (badness 10000) in paragraph at lines 360--360
\TU/TimesNewRoman(0)/m/n/13 cho Recom-
 []


Underfull \hbox (badness 1960) in paragraph at lines 360--360
[]|\TU/TimesNewRoman(0)/m/n/13 Hệ thống hóa hướng sinh
 []


Underfull \hbox (badness 7888) in paragraph at lines 360--360
\TU/TimesNewRoman(0)/m/n/13 (generative) dựa trên mô
 []


Underfull \hbox (badness 1817) in paragraph at lines 360--360
[]|\TU/TimesNewRoman(0)/b/n/13 Dự án đề xuất
 []


Underfull \hbox (badness 10000) in paragraph at lines 360--360
[]|\TU/TimesNewRoman(0)/m/n/13 Mô hình
 []


Underfull \hbox (badness 10000) in paragraph at lines 360--360
\TU/TimesNewRoman(0)/m/n/13 lai NeuMF
 []


Underfull \hbox (badness 10000) in paragraph at lines 360--360
\TU/TimesNewRoman(0)/m/n/13 (Early/Late
 []


Underfull \hbox (badness 4492) in paragraph at lines 360--360
[]|\TU/TimesNewRoman(0)/m/n/13 DataCo Sup-
 []


Underfull \hbox (badness 10000) in paragraph at lines 360--360
\TU/TimesNewRoman(0)/m/n/13 ply Chain,
 []


Underfull \hbox (badness 10000) in paragraph at lines 360--360
[]|\TU/TimesNewRoman(0)/m/n/13 Xây dựng và đánh giá
 []


Underfull \hbox (badness 1888) in paragraph at lines 360--360
\TU/TimesNewRoman(0)/m/n/13 NeuMF, Early Fusion trên
 []


Underfull \hbox (badness 10000) in paragraph at lines 360--360
\TU/TimesNewRoman(0)/m/n/13 dữ liệu chuỗi cung ứng
 []


Underfull \hbox (badness 10000) in paragraph at lines 360--360
\TU/TimesNewRoman(0)/m/n/13 và thương mại điện tử,
 []


Underfull \hbox (badness 3219) in paragraph at lines 360--360
\TU/TimesNewRoman(0)/m/n/13 phản hồi ẩn có trọng số,
 []


Underfull \hbox (badness 7415) in paragraph at lines 360--360
\TU/TimesNewRoman(0)/m/n/13 Ablation Study, đánh giá
 []


Underfull \hbox (badness 4995) in paragraph at lines 360--360
\TU/TimesNewRoman(0)/m/n/13 Popular/Long-tail và kiểm
 []

[18] [19] [20]) [21]
\openout2 = `content/C3.aux'.

 (content/C3.tex
Chương 3.
LaTeX Font Info:    Calculating math sizes for size <10.83347> on input line 21
.

LaTeX Font Warning: Font shape `OML/cmm/m/it' in size <7.58339> not available
(Font)              size <8> substituted on input line 21.


LaTeX Font Warning: Font shape `OML/cmm/m/it' in size <5.41673> not available
(Font)              size <5> substituted on input line 21.


LaTeX Font Warning: Font shape `OMS/cmsy/m/n' in size <7.58339> not available
(Font)              size <8> substituted on input line 21.


LaTeX Font Warning: Font shape `OMS/cmsy/m/n' in size <5.41673> not available
(Font)              size <5> substituted on input line 21.


LaTeX Font Warning: Font shape `OT1/cmr/m/n' in size <7.58339> not available
(Font)              size <8> substituted on input line 21.


LaTeX Font Warning: Font shape `OT1/cmr/m/n' in size <5.41673> not available
(Font)              size <5> substituted on input line 21.

LaTeX Font Info:    Calculating math sizes for size <8.66673> on input line 31.


LaTeX Font Warning: Font shape `OML/cmm/m/it' in size <4.33336> not available
(Font)              size <5> substituted on input line 31.


LaTeX Font Warning: Font shape `OMS/cmsy/m/n' in size <4.33336> not available
(Font)              size <5> substituted on input line 31.


LaTeX Font Warning: Font shape `OT1/cmr/m/n' in size <4.33336> not available
(Font)              size <5> substituted on input line 31.


Overfull \hbox (17.82385pt too wide) in paragraph at lines 37--38
 [][] 
 []

[22




] [23] [24] [25] [26]
Underfull \hbox (badness 10000) in paragraph at lines 183--183
[]|\TU/TimesNewRoman(0)/b/n/11.86258 Tầng
 []


Underfull \hbox (badness 10000) in paragraph at lines 185--185
[]|\TU/TimesNewRoman(0)/m/n/11.86258 1. Dữ liệu
 []

Package microtype Info: Loading generic protrusion settings for font family
(microtype)             `lmtt' (encoding: TU).
(microtype)             For optimal results, create family-specific settings.
(microtype)             See the microtype manual for details.

Underfull \hbox (badness 1231) in paragraph at lines 198--198
[]|\TU/TimesNewRoman(0)/m/n/11.86258 4–5. Mô hình
 []


Underfull \hbox (badness 10000) in paragraph at lines 198--198
\TU/TimesNewRoman(0)/m/n/11.86258 hoá & Huấn
 []

[27] [28] [29] [30] [31] [32] [33] [34] [35] [36] [37] [38] [39] [40] [41]
File: media/figures/demo/demo_dataco.png Graphic file (type bmp)
<media/figures/demo/demo_dataco.png>
File: media/figures/demo/demo_hm.png Graphic file (type bmp)
<media/figures/demo/demo_hm.png>
)
[42] [43] [44]
\openout2 = `content/C4.aux'.

 (content/C4.tex
Chương 4.
[45




]
Overfull \hbox (12.2075pt too wide) in paragraph at lines 42--71
 [][] 
 []

[46]
File: media/figures/dataco_vs_hm_comparison.png Graphic file (type bmp)
<media/figures/dataco_vs_hm_comparison.png>
File: media/figures/dataco/11_heatmap_all_metrics.png Graphic file (type bmp)
<media/figures/dataco/11_heatmap_all_metrics.png>
File: media/figures/hm/11_heatmap_all_metrics.png Graphic file (type bmp)
<media/figures/hm/11_heatmap_all_metrics.png>


Package biblatex Warning: Bibliography string 'and' untranslated
(biblatex)                at entry 'krichene2020sampled' on input line 135.


Underfull \hbox (badness 1466) in paragraph at lines 137--138
[]\TU/TimesNewRoman(0)/m/n/13 Trên DataCo, kết quả Sampled-99 \TU/TimesNewRoman
(0)/m/it/13 trùng khớp tuyệt đối, đến từng chữ
 []


Underfull \hbox (badness 2351) in paragraph at lines 137--138
\TU/TimesNewRoman(0)/m/it/13 số thập phân\TU/TimesNewRoman(0)/m/n/13 , với kết 
quả Full Ranking ở Bảng []4.1[]. Nguyên nhân đến từ
 []

[47] [48]
Underfull \hbox (badness 5403) in paragraph at lines 230--231
[]\TU/TimesNewRoman(0)/m/n/13 Phát hiện đáng chú ý nhất ở Bảng []4.4[]: trên Da
taCo, Random có
 []

[49] [50]
File: media/figures/dataco/07_long_tail_analysis.png Graphic file (type bmp)
<media/figures/dataco/07_long_tail_analysis.png>
File: media/figures/hm/07_long_tail_analysis.png Graphic file (type bmp)
<media/figures/hm/07_long_tail_analysis.png>

Underfull \hbox (badness 1546) in paragraph at lines 275--276
\TU/TimesNewRoman(0)/m/n/13 (\TU/lmtt/m/n/13 evaluation.cold_fraction\TU/TimesN
ewRoman(0)/m/n/13 , cài đặt tại \TU/lmtt/m/n/13 src/evaluation/cold_start.py \T
U/TimesNewRoman(0)/m/n/13 –
 []

[51]
File: media/figures/dataco/12_cold_start_analysis.png Graphic file (type bmp)
<media/figures/dataco/12_cold_start_analysis.png>
 [52] [53] [54] [55] [56] [57]) [58]
\openout2 = `content/C5.aux'.

 (content/C5.tex
Chương 5.
[59




] [60] [61]) [62] (phuluc_nguon.tex
Underfull \hbox (badness 10000) in paragraph at lines 24--24
[]|\TU/TimesNewRoman(0)/m/n/13 Vai trò cá nhân hóa gợi ý trong
 []


Package biblatex Warning: Bibliography string 'andothers' untranslated
(biblatex)                at entry 'schafer2001commerce' on input line 25.


Package biblatex Warning: Bibliography string 'andothers' untranslated
(biblatex)                at entry 'linden2003amazon' on input line 25.


Underfull \hbox (badness 2119) in paragraph at lines 27--27
\TU/TimesNewRoman(0)/m/n/13 (Memory-based CF, GroupLens, Item-
 []


Package biblatex Warning: Bibliography string 'andothers' untranslated
(biblatex)                at entry 'resnick1994grouplens' on input line 28.


Package biblatex Warning: Bibliography string 'andothers' untranslated
(biblatex)                at entry 'sarwar2001item' on input line 28.


Package biblatex Warning: Bibliography string 'and' untranslated
(biblatex)                at entry 'su2009survey' on input line 28.


Package biblatex Warning: Bibliography string 'andothers' untranslated
(biblatex)                at entry 'koren2009matrix' on input line 31.


Package biblatex Warning: Bibliography string 'andothers' untranslated
(biblatex)                at entry 'rendle2009bpr' on input line 41.


Package biblatex Warning: Bibliography string 'andothers' untranslated
(biblatex)                at entry 'he2017ncf' on input line 44.


Package biblatex Warning: Bibliography string 'andothers' untranslated
(biblatex)                at entry 'he2017ncf' on input line 47.


Package biblatex Warning: Bibliography string 'and' untranslated
(biblatex)                at entry 'kingma2014adam' on input line 50.


Package biblatex Warning: Bibliography string 'andothers' untranslated
(biblatex)                at entry 'cheng2016wide' on input line 53.


Package biblatex Warning: Bibliography string 'andothers' untranslated
(biblatex)                at entry 'guo2017deepfm' on input line 53.


Package biblatex Warning: Bibliography string 'andothers' untranslated
(biblatex)                at entry 'covington2016youtube' on input line 60.


Underfull \hbox (badness 10000) in paragraph at lines 62--62
[]|\TU/TimesNewRoman(0)/m/n/13 Gợi ý theo chuỗi hành vi
 []


Package biblatex Warning: Bibliography string 'andothers' untranslated
(biblatex)                at entry 'hidasi2016gru4rec' on input line 63.


Package biblatex Warning: Bibliography string 'and' untranslated
(biblatex)                at entry 'kang2018self' on input line 63.


Package biblatex Warning: Bibliography string 'andothers' untranslated
(biblatex)                at entry 'sun2019bert4rec' on input line 63.


Underfull \hbox (badness 10000) in paragraph at lines 63--64
[]|\TU/TimesNewRoman(0)/m/n/13 Hidasi [] [[]19[]];
 []


Underfull \hbox (badness 4846) in paragraph at lines 63--64
\TU/TimesNewRoman(0)/m/n/13 Kang [] McAuley [[]20[]];
 []


Package biblatex Warning: Bibliography string 'andothers' untranslated
(biblatex)                at entry 'wang2019ngcf' on input line 66.


Package biblatex Warning: Bibliography string 'andothers' untranslated
(biblatex)                at entry 'he2020lightgcn' on input line 66.


Underfull \hbox (badness 2426) in paragraph at lines 66--67
[]|\TU/TimesNewRoman(0)/m/n/13 Wang [] [[]22[]]; He
 []


Package biblatex Warning: Bibliography string 'andothers' untranslated
(biblatex)                at entry 'liang2018multvae' on input line 69.


Package biblatex Warning: Bibliography string 'andothers' untranslated
(biblatex)                at entry 'wu2021sgl' on input line 69.


Package biblatex Warning: Bibliography string 'andothers' untranslated
(biblatex)                at entry 'rajput2023tiger' on input line 69.


Package biblatex Warning: Bibliography string 'andothers' untranslated
(biblatex)                at entry 'wu2023survey_llm4rec' on input line 69.


Package biblatex Warning: Bibliography string 'and' untranslated
(biblatex)                at entry 'wei2025diffusion' on input line 69.


Underfull \hbox (badness 10000) in paragraph at lines 69--70
[]|\TU/TimesNewRoman(0)/m/n/13 Liang [] [[]24[]];
 []


Underfull \hbox (badness 10000) in paragraph at lines 69--70
\TU/TimesNewRoman(0)/m/n/13 Wu [] [[]25[]]; Ra-
 []


Underfull \hbox (badness 7759) in paragraph at lines 69--70
\TU/TimesNewRoman(0)/m/n/13 jput [] [[]26[]]; Wu
 []


Underfull \hbox (badness 4792) in paragraph at lines 69--70
[] \TU/TimesNewRoman(0)/m/n/13 [[]27[]]; Wei []
 []


Package biblatex Warning: Bibliography string 'andothers' untranslated
(biblatex)                at entry 'li2024dnncf' on input line 72.


Package biblatex Warning: Bibliography string 'andothers' untranslated
(biblatex)                at entry 'zhang2019deeplearningsurvey' on input line 
72.


Underfull \hbox (badness 2635) in paragraph at lines 72--73
[]|\TU/TimesNewRoman(0)/m/n/13 Li [] [[]30[]]; Zhang
 []


Package biblatex Warning: Bibliography string 'andothers' untranslated
(biblatex)                at entry 'cremonesi2010performance' on input line 79.



Package biblatex Warning: Bibliography string 'andothers' untranslated
(biblatex)                at entry 'he2017ncf' on input line 79.


Underfull \hbox (badness 1137) in paragraph at lines 79--80
[]|\TU/TimesNewRoman(0)/m/n/13 Cremonesi [] [[]32[]];
 []


Package biblatex Warning: Bibliography string 'and' untranslated
(biblatex)                at entry 'krichene2020sampled' on input line 82.


Package biblatex Warning: Bibliography string 'andothers' untranslated
(biblatex)                at entry 'paszke2019pytorch' on input line 85.


Package biblatex Warning: Bibliography string 'and' untranslated
(biblatex)                at entry 'jarvelin2002' on input line 88.


Package biblatex Warning: Bibliography string 'and' untranslated
(biblatex)                at entry 'vargas2011novelty' on input line 91.

[63



]) [64]

Package biblatex Warning: Bibliography string 'and' untranslated
(biblatex)                at entry 'koren2009matrix' on input line 39.


Package biblatex Warning: Bibliography string 'jourvol' untranslated
(biblatex)                at entry 'koren2009matrix' on input line 39.


Package biblatex Warning: Bibliography string 'number' untranslated
(biblatex)                at entry 'koren2009matrix' on input line 39.


Package biblatex Warning: Bibliography string 'pages' untranslated
(biblatex)                at entry 'koren2009matrix' on input line 39.


Package biblatex Warning: Using fallback definition for \mkbibdatelong.
(biblatex)                The command should be defined in the .lbx file.
(biblatex)                If you see this message, the .lbx file could not be
(biblatex)                loaded, is faulty or does not contain a definition
(biblatex)                for \mkbibdatelong.


Package biblatex Warning: Bibliography string 'and' untranslated
(biblatex)                at entry 'he2017ncf' on input line 39.


Package biblatex Warning: Bibliography string 'in' untranslated
(biblatex)                at entry 'he2017ncf' on input line 39.


Package biblatex Warning: Using fallback definition for \mkbibdatelong.
(biblatex)                The command should be defined in the .lbx file.
(biblatex)                If you see this message, the .lbx file could not be
(biblatex)                loaded, is faulty or does not contain a definition
(biblatex)                for \mkbibdatelong.


Package biblatex Warning: Bibliography string 'pages' untranslated
(biblatex)                at entry 'he2017ncf' on input line 39.


Package biblatex Warning: Using fallback definition for \mkbibdatelong.
(biblatex)                The command should be defined in the .lbx file.
(biblatex)                If you see this message, the .lbx file could not be
(biblatex)                loaded, is faulty or does not contain a definition
(biblatex)                for \mkbibdatelong.


Package biblatex Warning: Bibliography string 'and' untranslated
(biblatex)                at entry 'jarvelin2002' on input line 39.


Package biblatex Warning: Bibliography string 'jourvol' untranslated
(biblatex)                at entry 'jarvelin2002' on input line 39.


Package biblatex Warning: Bibliography string 'number' untranslated
(biblatex)                at entry 'jarvelin2002' on input line 39.


Package biblatex Warning: Bibliography string 'pages' untranslated
(biblatex)                at entry 'jarvelin2002' on input line 39.


Package biblatex Warning: Using fallback definition for \mkbibdatelong.
(biblatex)                The command should be defined in the .lbx file.
(biblatex)                If you see this message, the .lbx file could not be
(biblatex)                loaded, is faulty or does not contain a definition
(biblatex)                for \mkbibdatelong.


Underfull \hbox (badness 1147) in paragraph at lines 39--39
[]\TU/TimesNewRoman(0)/m/n/13 K. Järvelin [] J. Kekäläinen, “  Cumulated gain-b
ased evaluation of IR
 []


Package biblatex Warning: Bibliography string 'and' untranslated
(biblatex)                at entry 'schafer2001commerce' on input line 39.


Package biblatex Warning: Bibliography string 'jourvol' untranslated
(biblatex)                at entry 'schafer2001commerce' on input line 39.


Package biblatex Warning: Bibliography string 'number' untranslated
(biblatex)                at entry 'schafer2001commerce' on input line 39.


Package biblatex Warning: Bibliography string 'pages' untranslated
(biblatex)                at entry 'schafer2001commerce' on input line 39.


Package biblatex Warning: Using fallback definition for \mkbibdatelong.
(biblatex)                The command should be defined in the .lbx file.
(biblatex)                If you see this message, the .lbx file could not be
(biblatex)                loaded, is faulty or does not contain a definition
(biblatex)                for \mkbibdatelong.


Package biblatex Warning: Bibliography string 'and' untranslated
(biblatex)                at entry 'linden2003amazon' on input line 39.


Package biblatex Warning: Bibliography string 'jourvol' untranslated
(biblatex)                at entry 'linden2003amazon' on input line 39.


Package biblatex Warning: Bibliography string 'number' untranslated
(biblatex)                at entry 'linden2003amazon' on input line 39.


Package biblatex Warning: Bibliography string 'pages' untranslated
(biblatex)                at entry 'linden2003amazon' on input line 39.


Package biblatex Warning: Using fallback definition for \mkbibdatelong.
(biblatex)                The command should be defined in the .lbx file.
(biblatex)                If you see this message, the .lbx file could not be
(biblatex)                loaded, is faulty or does not contain a definition
(biblatex)                for \mkbibdatelong.


Package biblatex Warning: Bibliography string 'andothers' untranslated
(biblatex)                at entry 'paszke2019pytorch' on input line 39.


Package biblatex Warning: Bibliography string 'in' untranslated
(biblatex)                at entry 'paszke2019pytorch' on input line 39.


Package biblatex Warning: Bibliography string 'volume' untranslated
(biblatex)                at entry 'paszke2019pytorch' on input line 39.


Package biblatex Warning: Using fallback definition for \mkbibdatelong.
(biblatex)                The command should be defined in the .lbx file.
(biblatex)                If you see this message, the .lbx file could not be
(biblatex)                loaded, is faulty or does not contain a definition
(biblatex)                for \mkbibdatelong.


Package biblatex Warning: Bibliography string 'pages' untranslated
(biblatex)                at entry 'paszke2019pytorch' on input line 39.


Package biblatex Warning: Bibliography string 'and' untranslated
(biblatex)                at entry 'kingma2014adam' on input line 39.


Package biblatex Warning: Bibliography string 'in' untranslated
(biblatex)                at entry 'kingma2014adam' on input line 39.


Package biblatex Warning: Using fallback definition for \mkbibdatelong.
(biblatex)                The command should be defined in the .lbx file.
(biblatex)                If you see this message, the .lbx file could not be
(biblatex)                loaded, is faulty or does not contain a definition
(biblatex)                for \mkbibdatelong.


Package biblatex Warning: Bibliography string 'and' untranslated
(biblatex)                at entry 'krichene2020sampled' on input line 39.


Package biblatex Warning: Bibliography string 'in' untranslated
(biblatex)                at entry 'krichene2020sampled' on input line 39.


Package biblatex Warning: Using fallback definition for \mkbibdatelong.
(biblatex)                The command should be defined in the .lbx file.
(biblatex)                If you see this message, the .lbx file could not be
(biblatex)                loaded, is faulty or does not contain a definition
(biblatex)                for \mkbibdatelong.


Package biblatex Warning: Bibliography string 'pages' untranslated
(biblatex)                at entry 'krichene2020sampled' on input line 39.

[65

]

Package biblatex Warning: Bibliography string 'and' untranslated
(biblatex)                at entry 'sarwar2001item' on input line 39.


Package biblatex Warning: Bibliography string 'in' untranslated
(biblatex)                at entry 'sarwar2001item' on input line 39.


Package biblatex Warning: Using fallback definition for \mkbibdatelong.
(biblatex)                The command should be defined in the .lbx file.
(biblatex)                If you see this message, the .lbx file could not be
(biblatex)                loaded, is faulty or does not contain a definition
(biblatex)                for \mkbibdatelong.


Package biblatex Warning: Bibliography string 'pages' untranslated
(biblatex)                at entry 'sarwar2001item' on input line 39.


Package biblatex Warning: Bibliography string 'andothers' untranslated
(biblatex)                at entry 'cheng2016wide' on input line 39.


Package biblatex Warning: Bibliography string 'in' untranslated
(biblatex)                at entry 'cheng2016wide' on input line 39.


Package biblatex Warning: Using fallback definition for \mkbibdatelong.
(biblatex)                The command should be defined in the .lbx file.
(biblatex)                If you see this message, the .lbx file could not be
(biblatex)                loaded, is faulty or does not contain a definition
(biblatex)                for \mkbibdatelong.


Package biblatex Warning: Bibliography string 'pages' untranslated
(biblatex)                at entry 'cheng2016wide' on input line 39.


Package biblatex Warning: Bibliography string 'and' untranslated
(biblatex)                at entry 'guo2017deepfm' on input line 39.


Package biblatex Warning: Bibliography string 'in' untranslated
(biblatex)                at entry 'guo2017deepfm' on input line 39.


Package biblatex Warning: Using fallback definition for \mkbibdatelong.
(biblatex)                The command should be defined in the .lbx file.
(biblatex)                If you see this message, the .lbx file could not be
(biblatex)                loaded, is faulty or does not contain a definition
(biblatex)                for \mkbibdatelong.


Package biblatex Warning: Bibliography string 'pages' untranslated
(biblatex)                at entry 'guo2017deepfm' on input line 39.


Package biblatex Warning: Bibliography string 'and' untranslated
(biblatex)                at entry 'su2009survey' on input line 39.


Package biblatex Warning: Bibliography string 'jourvol' untranslated
(biblatex)                at entry 'su2009survey' on input line 39.


Package biblatex Warning: Bibliography string 'pages' untranslated
(biblatex)                at entry 'su2009survey' on input line 39.


Package biblatex Warning: Using fallback definition for \mkbibdatelong.
(biblatex)                The command should be defined in the .lbx file.
(biblatex)                If you see this message, the .lbx file could not be
(biblatex)                loaded, is faulty or does not contain a definition
(biblatex)                for \mkbibdatelong.


Package biblatex Warning: Bibliography string 'and' untranslated
(biblatex)                at entry 'resnick1994grouplens' on input line 39.


Package biblatex Warning: Bibliography string 'in' untranslated
(biblatex)                at entry 'resnick1994grouplens' on input line 39.


Package biblatex Warning: Using fallback definition for \mkbibdatelong.
(biblatex)                The command should be defined in the .lbx file.
(biblatex)                If you see this message, the .lbx file could not be
(biblatex)                loaded, is faulty or does not contain a definition
(biblatex)                for \mkbibdatelong.


Package biblatex Warning: Bibliography string 'pages' untranslated
(biblatex)                at entry 'resnick1994grouplens' on input line 39.


Package biblatex Warning: Bibliography string 'and' untranslated
(biblatex)                at entry 'rendle2009bpr' on input line 39.


Package biblatex Warning: Bibliography string 'in' untranslated
(biblatex)                at entry 'rendle2009bpr' on input line 39.


Package biblatex Warning: Using fallback definition for \mkbibdatelong.
(biblatex)                The command should be defined in the .lbx file.
(biblatex)                If you see this message, the .lbx file could not be
(biblatex)                loaded, is faulty or does not contain a definition
(biblatex)                for \mkbibdatelong.


Package biblatex Warning: Bibliography string 'pages' untranslated
(biblatex)                at entry 'rendle2009bpr' on input line 39.


Package biblatex Warning: Bibliography string 'in' untranslated
(biblatex)                at entry 'rendle2010fm' on input line 39.


Package biblatex Warning: Using fallback definition for \mkbibdatelong.
(biblatex)                The command should be defined in the .lbx file.
(biblatex)                If you see this message, the .lbx file could not be
(biblatex)                loaded, is faulty or does not contain a definition
(biblatex)                for \mkbibdatelong.


Package biblatex Warning: Bibliography string 'pages' untranslated
(biblatex)                at entry 'rendle2010fm' on input line 39.


Package biblatex Warning: Bibliography string 'andothers' untranslated
(biblatex)                at entry 'zhou2018din' on input line 39.


Package biblatex Warning: Bibliography string 'in' untranslated
(biblatex)                at entry 'zhou2018din' on input line 39.


Package biblatex Warning: Using fallback definition for \mkbibdatelong.
(biblatex)                The command should be defined in the .lbx file.
(biblatex)                If you see this message, the .lbx file could not be
(biblatex)                loaded, is faulty or does not contain a definition
(biblatex)                for \mkbibdatelong.


Package biblatex Warning: Bibliography string 'pages' untranslated
(biblatex)                at entry 'zhou2018din' on input line 39.

[66]

Package biblatex Warning: Bibliography string 'and' untranslated
(biblatex)                at entry 'covington2016youtube' on input line 39.


Package biblatex Warning: Bibliography string 'in' untranslated
(biblatex)                at entry 'covington2016youtube' on input line 39.


Package biblatex Warning: Using fallback definition for \mkbibdatelong.
(biblatex)                The command should be defined in the .lbx file.
(biblatex)                If you see this message, the .lbx file could not be
(biblatex)                loaded, is faulty or does not contain a definition
(biblatex)                for \mkbibdatelong.


Package biblatex Warning: Bibliography string 'pages' untranslated
(biblatex)                at entry 'covington2016youtube' on input line 39.


Package biblatex Warning: Bibliography string 'and' untranslated
(biblatex)                at entry 'hidasi2016gru4rec' on input line 39.


Package biblatex Warning: Bibliography string 'in' untranslated
(biblatex)                at entry 'hidasi2016gru4rec' on input line 39.


Package biblatex Warning: Using fallback definition for \mkbibdatelong.
(biblatex)                The command should be defined in the .lbx file.
(biblatex)                If you see this message, the .lbx file could not be
(biblatex)                loaded, is faulty or does not contain a definition
(biblatex)                for \mkbibdatelong.


Package biblatex Warning: Bibliography string 'and' untranslated
(biblatex)                at entry 'kang2018self' on input line 39.


Package biblatex Warning: Bibliography string 'in' untranslated
(biblatex)                at entry 'kang2018self' on input line 39.


Package biblatex Warning: Using fallback definition for \mkbibdatelong.
(biblatex)                The command should be defined in the .lbx file.
(biblatex)                If you see this message, the .lbx file could not be
(biblatex)                loaded, is faulty or does not contain a definition
(biblatex)                for \mkbibdatelong.


Package biblatex Warning: Bibliography string 'pages' untranslated
(biblatex)                at entry 'kang2018self' on input line 39.


Package biblatex Warning: Bibliography string 'andothers' untranslated
(biblatex)                at entry 'sun2019bert4rec' on input line 39.


Package biblatex Warning: Bibliography string 'in' untranslated
(biblatex)                at entry 'sun2019bert4rec' on input line 39.


Package biblatex Warning: Using fallback definition for \mkbibdatelong.
(biblatex)                The command should be defined in the .lbx file.
(biblatex)                If you see this message, the .lbx file could not be
(biblatex)                loaded, is faulty or does not contain a definition
(biblatex)                for \mkbibdatelong.


Package biblatex Warning: Bibliography string 'pages' untranslated
(biblatex)                at entry 'sun2019bert4rec' on input line 39.


Package biblatex Warning: Bibliography string 'and' untranslated
(biblatex)                at entry 'wang2019ngcf' on input line 39.


Package biblatex Warning: Bibliography string 'in' untranslated
(biblatex)                at entry 'wang2019ngcf' on input line 39.


Package biblatex Warning: Using fallback definition for \mkbibdatelong.
(biblatex)                The command should be defined in the .lbx file.
(biblatex)                If you see this message, the .lbx file could not be
(biblatex)                loaded, is faulty or does not contain a definition
(biblatex)                for \mkbibdatelong.


Package biblatex Warning: Bibliography string 'pages' untranslated
(biblatex)                at entry 'wang2019ngcf' on input line 39.


Package biblatex Warning: Bibliography string 'and' untranslated
(biblatex)                at entry 'he2020lightgcn' on input line 39.


Package biblatex Warning: Bibliography string 'in' untranslated
(biblatex)                at entry 'he2020lightgcn' on input line 39.


Package biblatex Warning: Using fallback definition for \mkbibdatelong.
(biblatex)                The command should be defined in the .lbx file.
(biblatex)                If you see this message, the .lbx file could not be
(biblatex)                loaded, is faulty or does not contain a definition
(biblatex)                for \mkbibdatelong.


Package biblatex Warning: Bibliography string 'pages' untranslated
(biblatex)                at entry 'he2020lightgcn' on input line 39.


Underfull \hbox (badness 1603) in paragraph at lines 39--39
\TU/TimesNewRoman(0)/m/n/13 Simplifying and Powering Graph Convolution Network 
for Recommendation,”
 []


Underfull \hbox (badness 1454) in paragraph at lines 39--39
\TU/TimesNewRoman(0)/m/it/13 Development in Information Retrieval (SIGIR ’20) \
TU/TimesNewRoman(0)/m/n/13 2020, [] 639–648. \TU/TimesNewRoman(0)/m/sc/13 doi\T
U/TimesNewRoman(0)/m/n/13 :
 []


Package biblatex Warning: Bibliography string 'and' untranslated
(biblatex)                at entry 'liang2018multvae' on input line 39.


Package biblatex Warning: Bibliography string 'in' untranslated
(biblatex)                at entry 'liang2018multvae' on input line 39.


Package biblatex Warning: Using fallback definition for \mkbibdatelong.
(biblatex)                The command should be defined in the .lbx file.
(biblatex)                If you see this message, the .lbx file could not be
(biblatex)                loaded, is faulty or does not contain a definition
(biblatex)                for \mkbibdatelong.


Package biblatex Warning: Bibliography string 'pages' untranslated
(biblatex)                at entry 'liang2018multvae' on input line 39.


Package biblatex Warning: Bibliography string 'andothers' untranslated
(biblatex)                at entry 'wu2021sgl' on input line 39.


Package biblatex Warning: Bibliography string 'in' untranslated
(biblatex)                at entry 'wu2021sgl' on input line 39.


Package biblatex Warning: Using fallback definition for \mkbibdatelong.
(biblatex)                The command should be defined in the .lbx file.
(biblatex)                If you see this message, the .lbx file could not be
(biblatex)                loaded, is faulty or does not contain a definition
(biblatex)                for \mkbibdatelong.


Package biblatex Warning: Bibliography string 'pages' untranslated
(biblatex)                at entry 'wu2021sgl' on input line 39.


Underfull \hbox (badness 1454) in paragraph at lines 39--39
\TU/TimesNewRoman(0)/m/it/13 Development in Information Retrieval (SIGIR ’21) \
TU/TimesNewRoman(0)/m/n/13 2021, [] 726–735. \TU/TimesNewRoman(0)/m/sc/13 doi\T
U/TimesNewRoman(0)/m/n/13 :
 []


Package biblatex Warning: Bibliography string 'andothers' untranslated
(biblatex)                at entry 'rajput2023tiger' on input line 39.


Package biblatex Warning: Bibliography string 'in' untranslated
(biblatex)                at entry 'rajput2023tiger' on input line 39.


Package biblatex Warning: Bibliography string 'volume' untranslated
(biblatex)                at entry 'rajput2023tiger' on input line 39.


Package biblatex Warning: Using fallback definition for \mkbibdatelong.
(biblatex)                The command should be defined in the .lbx file.
(biblatex)                If you see this message, the .lbx file could not be
(biblatex)                loaded, is faulty or does not contain a definition
(biblatex)                for \mkbibdatelong.

[67]

Package biblatex Warning: Bibliography string 'andothers' untranslated
(biblatex)                at entry 'wu2023survey_llm4rec' on input line 39.


Package biblatex Warning: Bibliography string 'jourvol' untranslated
(biblatex)                at entry 'wu2023survey_llm4rec' on input line 39.


Package biblatex Warning: Bibliography string 'number' untranslated
(biblatex)                at entry 'wu2023survey_llm4rec' on input line 39.


Package biblatex Warning: Using fallback definition for \mkbibdatelong.
(biblatex)                The command should be defined in the .lbx file.
(biblatex)                If you see this message, the .lbx file could not be
(biblatex)                loaded, is faulty or does not contain a definition
(biblatex)                for \mkbibdatelong.


Package biblatex Warning: Bibliography string 'and' untranslated
(biblatex)                at entry 'wei2025diffusion' on input line 39.


Package biblatex Warning: Using fallback definition for \mkbibdatelong.
(biblatex)                The command should be defined in the .lbx file.
(biblatex)                If you see this message, the .lbx file could not be
(biblatex)                loaded, is faulty or does not contain a definition
(biblatex)                for \mkbibdatelong.


Package biblatex Warning: Bibliography string 'and' untranslated
(biblatex)                at entry 'zhang2019deeplearningsurvey' on input line 
39.


Package biblatex Warning: Bibliography string 'jourvol' untranslated
(biblatex)                at entry 'zhang2019deeplearningsurvey' on input line 
39.


Package biblatex Warning: Bibliography string 'number' untranslated
(biblatex)                at entry 'zhang2019deeplearningsurvey' on input line 
39.


Package biblatex Warning: Bibliography string 'pages' untranslated
(biblatex)                at entry 'zhang2019deeplearningsurvey' on input line 
39.


Package biblatex Warning: Using fallback definition for \mkbibdatelong.
(biblatex)                The command should be defined in the .lbx file.
(biblatex)                If you see this message, the .lbx file could not be
(biblatex)                loaded, is faulty or does not contain a definition
(biblatex)                for \mkbibdatelong.


Package biblatex Warning: Bibliography string 'and' untranslated
(biblatex)                at entry 'li2024dnncf' on input line 39.


Package biblatex Warning: Using fallback definition for \mkbibdatelong.
(biblatex)                The command should be defined in the .lbx file.
(biblatex)                If you see this message, the .lbx file could not be
(biblatex)                loaded, is faulty or does not contain a definition
(biblatex)                for \mkbibdatelong.


Underfull \hbox (badness 1331) in paragraph at lines 39--39
\TU/TimesNewRoman(0)/m/n/13 Networks in Collaborative Filtering Recommendation 
Systems,” \TU/TimesNewRoman(0)/m/it/13 arXiv preprint
 []


Package biblatex Warning: Bibliography string 'and' untranslated
(biblatex)                at entry 'vargas2011novelty' on input line 39.


Package biblatex Warning: Bibliography string 'in' untranslated
(biblatex)                at entry 'vargas2011novelty' on input line 39.


Package biblatex Warning: Using fallback definition for \mkbibdatelong.
(biblatex)                The command should be defined in the .lbx file.
(biblatex)                If you see this message, the .lbx file could not be
(biblatex)                loaded, is faulty or does not contain a definition
(biblatex)                for \mkbibdatelong.


Package biblatex Warning: Bibliography string 'pages' untranslated
(biblatex)                at entry 'vargas2011novelty' on input line 39.


Package biblatex Warning: Bibliography string 'and' untranslated
(biblatex)                at entry 'cremonesi2010performance' on input line 39.



Package biblatex Warning: Bibliography string 'in' untranslated
(biblatex)                at entry 'cremonesi2010performance' on input line 39.



Package biblatex Warning: Using fallback definition for \mkbibdatelong.
(biblatex)                The command should be defined in the .lbx file.
(biblatex)                If you see this message, the .lbx file could not be
(biblatex)                loaded, is faulty or does not contain a definition
(biblatex)                for \mkbibdatelong.


Package biblatex Warning: Bibliography string 'pages' untranslated
(biblatex)                at entry 'cremonesi2010performance' on input line 39.


[68] (main.aux (content/C1.aux) (content/C2.aux) (content/C3.aux)
(content/C4.aux) (content/C5.aux))
 ***********
LaTeX2e <2026-06-01>
L3 programming layer <2026-07-20>
 ***********


LaTeX Font Warning: Size substitutions with differences
(Font)              up to 1.0pt have occurred.

Package rerunfilecheck Info: File `main.out' has not changed.
(rerunfilecheck)             Checksum: 9F0C49A8948E1382A5E775D95F86C83F;29591.
Package logreq Info: Writing requests to 'main.run.xml'.
\openout1 = `main.run.xml'.

 ) 
Here is how much of TeX's memory you used:
 37681 strings out of 402620
 751215 string characters out of 5439504
 1734232 words of memory out of 5000000
 66154 multiletter control sequences out of 15000+600000
 640643 words of font info for 134 fonts, out of 8000000 for 9000
 1348 hyphenation exceptions out of 8191
 97i,12n,134p,2031b,5293s stack positions out of 10000i,1000n,20000p,200000b,200000s

Output written on main.pdf (83 pages).
